,num_sims,round,experiment,horizon,chosen_arm,reward,cumulative_reward
0,0.0,0.0,0.0,0.0,0.0,0.203822892801197,0.203822892801197
1,0.0,1.0,0.0,1.0,1.0,0.13383700467367501,0.337659897474872
2,0.0,2.0,0.0,2.0,2.0,0.0,0.337659897474872
3,0.0,3.0,0.0,3.0,3.0,0.6444473437218079,0.9821072411966799
4,0.0,4.0,0.0,4.0,4.0,0.2783588103112493,1.2604660515079291
5,0.0,5.0,0.0,5.0,5.0,0.039105418102884336,1.2995714696108134
6,0.0,6.0,0.0,6.0,6.0,0.023611785427262083,1.3231832550380755
7,0.0,7.0,0.0,7.0,7.0,0.17534183851014645,1.498525093548222
8,0.0,8.0,0.0,8.0,3.0,0.005779319455428264,1.5043044130036503
9,0.0,9.0,0.0,9.0,4.0,0.45260439019416543,1.9569088031978157
10,0.0,10.0,0.0,10.0,4.0,0.003261486612500206,1.960170289810316
11,0.0,11.0,0.0,11.0,0.0,0.0,1.960170289810316
12,0.0,12.0,0.0,12.0,3.0,0.07738650928668632,2.0375567990970023
13,0.0,13.0,0.0,13.0,7.0,0.14648585801904443,2.1840426571160467
14,0.0,14.0,0.0,14.0,1.0,0.009482960600471636,2.1935256177165185
15,0.0,15.0,0.0,15.0,5.0,0.06037033305109814,2.2538959507676166
16,0.0,16.0,0.0,16.0,4.0,0.34429138695919115,2.5981873377268077
17,0.0,17.0,0.0,17.0,3.0,0.01557751892871758,2.6137648566555254
18,0.0,18.0,0.0,18.0,6.0,0.24163719492751862,2.855402051583044
19,0.0,19.0,0.0,19.0,4.0,0.3419481821588213,3.197350233741865
20,0.0,20.0,0.0,20.0,7.0,0.025954033980254688,3.2233042677221198
21,0.0,21.0,0.0,21.0,4.0,0.8334951423710854,4.056799410093205
22,0.0,22.0,0.0,22.0,4.0,0.1944119367740299,4.251211346867235
23,0.0,23.0,0.0,23.0,4.0,0.3120049556587102,4.563216302525945
24,0.0,24.0,0.0,24.0,4.0,0.0,4.563216302525945
25,0.0,25.0,0.0,25.0,2.0,0.01373933131486279,4.576955633840808
26,0.0,26.0,0.0,26.0,6.0,0.4823462718316843,5.059301905672492
27,0.0,27.0,0.0,27.0,6.0,0.1864530152506714,5.245754920923163
28,0.0,28.0,0.0,28.0,6.0,0.2586348807044762,5.50438980162764
29,0.0,29.0,0.0,29.0,4.0,0.5137361237516995,6.018125925379339
30,0.0,30.0,0.0,30.0,4.0,0.3380754941917148,6.356201419571054
31,0.0,31.0,0.0,31.0,4.0,0.01875968828978509,6.374961107860839
32,0.0,32.0,0.0,32.0,6.0,0.1795085103285259,6.554469618189366
33,0.0,33.0,0.0,33.0,0.0,0.2215910856831718,6.776060703872537
34,0.0,34.0,0.0,34.0,4.0,0.13965794189434025,6.915718645766877
35,0.0,35.0,0.0,35.0,3.0,0.6398945667053634,7.555613212472241
36,0.0,36.0,0.0,36.0,3.0,0.1971293724014563,7.7527425848736975
37,0.0,37.0,0.0,37.0,3.0,0.1714595709135404,7.9242021557872375
38,0.0,38.0,0.0,38.0,3.0,0.12397991776961981,8.048182073556857
39,0.0,39.0,0.0,39.0,6.0,0.08300819528959946,8.131190268846456
40,0.0,40.0,0.0,40.0,0.0,0.3662067910580319,8.497397059904488
41,0.0,41.0,0.0,41.0,0.0,0.34851375537019874,8.845910815274687
42,0.0,42.0,0.0,42.0,0.0,0.03232770718619581,8.878238522460883
43,0.0,43.0,0.0,43.0,4.0,0.4312750049627068,9.30951352742359
44,0.0,44.0,0.0,44.0,4.0,0.06841343880847763,9.377926966232067
45,0.0,45.0,0.0,45.0,1.0,0.6183562512740006,9.996283217506068
46,0.0,46.0,0.0,46.0,1.0,0.029973519654664237,10.026256737160733
47,0.0,47.0,0.0,47.0,1.0,0.03153638186074801,10.05779311902148
48,0.0,48.0,0.0,48.0,4.0,0.017820115439298984,10.07561323446078
49,0.0,49.0,0.0,49.0,3.0,0.35144361632311133,10.427056850783892
50,0.0,50.0,0.0,50.0,3.0,0.6446564421273534,11.071713292911245
51,0.0,51.0,0.0,51.0,3.0,0.0,11.071713292911245
52,0.0,52.0,0.0,52.0,3.0,0.4428917686776068,11.51460506158885
53,0.0,53.0,0.0,53.0,3.0,0.18282011369400217,11.697425175282852
54,0.0,54.0,0.0,54.0,3.0,0.23616858023498175,11.933593755517833
55,0.0,55.0,0.0,55.0,7.0,0.0,11.933593755517833
56,0.0,56.0,0.0,56.0,5.0,0.19643667400612702,12.130030429523961
57,0.0,57.0,0.0,57.0,3.0,0.10177608399170827,12.23180651351567
58,0.0,58.0,0.0,58.0,0.0,0.15858297600502896,12.390389489520699
59,0.0,59.0,0.0,59.0,6.0,0.0,12.390389489520699
60,0.0,60.0,0.0,60.0,4.0,0.03941508338216202,12.42980457290286
61,0.0,61.0,0.0,61.0,1.0,0.2287243267800294,12.658528899682889
62,0.0,62.0,0.0,62.0,5.0,0.5748069552005179,13.233335854883407
63,0.0,63.0,0.0,63.0,5.0,0.2500113597659176,13.483347214649324
64,0.0,64.0,0.0,64.0,5.0,0.13295195485589859,13.616299169505222
65,0.0,65.0,0.0,65.0,5.0,0.3039315155419343,13.920230685047157
66,0.0,66.0,0.0,66.0,5.0,0.4500302610500301,14.370260946097186
67,0.0,67.0,0.0,67.0,5.0,0.01773697152302589,14.387997917620213
68,0.0,68.0,0.0,68.0,5.0,0.02336872389863853,14.411366641518851
69,0.0,69.0,0.0,69.0,3.0,0.0,14.411366641518851
70,0.0,70.0,0.0,70.0,1.0,0.24374338817442973,14.655110029693281
71,0.0,71.0,0.0,71.0,0.0,0.368057900914021,15.023167930607302
72,0.0,72.0,0.0,72.0,0.0,0.34059835022310075,15.363766280830403
73,0.0,73.0,0.0,73.0,0.0,0.7501569531937937,16.113923234024195
74,0.0,74.0,0.0,74.0,0.0,0.2891657344467796,16.403088968470975
75,0.0,75.0,0.0,75.0,0.0,0.41988705292341194,16.822976021394386
76,0.0,76.0,0.0,76.0,0.0,0.04246996033794614,16.865445981732332
77,0.0,77.0,0.0,77.0,0.0,0.3685048823912457,17.233950864123578
78,0.0,78.0,0.0,78.0,0.0,0.7719892164387193,18.005940080562297
79,0.0,79.0,0.0,79.0,0.0,0.058723301239870816,18.064663381802166
80,0.0,80.0,0.0,80.0,0.0,0.1704529833313576,18.235116365133525
81,0.0,81.0,0.0,81.0,0.0,0.3359234004897179,18.571039765623244
82,0.0,82.0,0.0,82.0,0.0,0.0,18.571039765623244
83,0.0,83.0,0.0,83.0,0.0,0.22909780934565765,18.8001375749689
84,0.0,84.0,0.0,84.0,0.0,0.22436560217000143,19.0245031771389
85,0.0,85.0,0.0,85.0,0.0,0.05282797963483568,19.077331156773734
86,0.0,86.0,0.0,86.0,4.0,0.02100581557572555,19.09833697234946
87,0.0,87.0,0.0,87.0,1.0,0.4001127235481598,19.49844969589762
88,0.0,88.0,0.0,88.0,1.0,0.33352248926082595,19.831972185158445
89,0.0,89.0,0.0,89.0,1.0,0.2454675645542836,20.077439749712727
90,0.0,90.0,0.0,90.0,1.0,0.5495608055898493,20.627000555302576
91,0.0,91.0,0.0,91.0,1.0,0.383414516763809,21.010415072066387
92,0.0,92.0,0.0,92.0,1.0,0.45294680587560393,21.463361877941992
93,0.0,93.0,0.0,93.0,1.0,0.04592008036807426,21.509281958310066
94,0.0,94.0,0.0,94.0,1.0,0.3157791437390124,21.825061102049077
95,0.0,95.0,0.0,95.0,1.0,0.4305609127576153,22.255622014806693
96,0.0,96.0,0.0,96.0,1.0,0.6682133379976478,22.923835352804343
97,0.0,97.0,0.0,97.0,1.0,0.0,22.923835352804343
98,0.0,98.0,0.0,98.0,1.0,0.0567682510724773,22.98060360387682
99,0.0,99.0,0.0,99.0,1.0,0.9990875269147265,23.979691130791547
100,0.0,100.0,0.0,100.0,1.0,0.03130230391232533,24.010993434703874
101,0.0,101.0,0.0,101.0,1.0,0.4343199348875376,24.44531336959141
102,0.0,102.0,0.0,102.0,1.0,0.3603672536241725,24.805680623215583
103,0.0,103.0,0.0,103.0,1.0,0.6146238295140144,25.420304452729596
104,0.0,104.0,0.0,104.0,1.0,0.1442503350823027,25.564554787811897
105,0.0,105.0,0.0,105.0,1.0,0.3423729374319084,25.906927725243804
106,0.0,106.0,0.0,106.0,1.0,0.44805026331754516,26.354977988561348
107,0.0,107.0,0.0,107.0,1.0,0.04054948363843776,26.395527472199785
108,0.0,108.0,0.0,108.0,1.0,0.37211109589894,26.767638568098725
109,0.0,109.0,0.0,109.0,1.0,0.06357982901634442,26.83121839711507
110,0.0,110.0,0.0,110.0,1.0,0.39834571391267626,27.229564111027745
111,0.0,111.0,0.0,111.0,1.0,0.273903489505219,27.503467600532964
112,0.0,112.0,0.0,112.0,1.0,0.5615750902320042,28.06504269076497
113,0.0,113.0,0.0,113.0,1.0,0.3419960775547441,28.407038768319712
114,0.0,114.0,0.0,114.0,1.0,0.007402715394722676,28.414441483714434
115,0.0,115.0,0.0,115.0,1.0,0.7211127414059985,29.135554225120433
116,0.0,116.0,0.0,116.0,1.0,0.10183010161870484,29.23738432673914
117,0.0,117.0,0.0,117.0,1.0,0.463477190243051,29.70086151698219
118,0.0,118.0,0.0,118.0,1.0,0.6914130535881139,30.392274570570304
119,0.0,119.0,0.0,119.0,1.0,0.000833885999808656,30.39310845657011
120,0.0,120.0,0.0,120.0,1.0,0.0,30.39310845657011
121,0.0,121.0,0.0,121.0,1.0,0.3788668394961998,30.771975296066312
122,0.0,122.0,0.0,122.0,1.0,0.11458588812526244,30.886561184191574
123,0.0,123.0,0.0,123.0,1.0,0.43520528315316864,31.321766467344744
124,0.0,124.0,0.0,124.0,1.0,0.3096424935793812,31.631408960924126
125,0.0,125.0,0.0,125.0,1.0,0.6962615989690473,32.32767055989317
126,0.0,126.0,0.0,126.0,1.0,0.045235240501859356,32.37290580039503
127,0.0,127.0,0.0,127.0,1.0,0.02502203979263946,32.39792784018767
128,0.0,128.0,0.0,128.0,1.0,0.5561015439364563,32.95402938412413
129,0.0,129.0,0.0,129.0,1.0,0.12538259100670524,33.07941197513083
130,0.0,130.0,0.0,130.0,1.0,0.41524711521809976,33.49465909034893
131,0.0,131.0,0.0,131.0,1.0,0.26267357985642986,33.757332670205365
132,0.0,132.0,0.0,132.0,1.0,0.5583736042942263,34.31570627449959
133,0.0,133.0,0.0,133.0,1.0,0.3770289091747375,34.69273518367433
134,0.0,134.0,0.0,134.0,1.0,0.028488794101703175,34.721223977776035
135,0.0,135.0,0.0,135.0,1.0,0.49790235445565706,35.21912633223169
136,0.0,136.0,0.0,136.0,1.0,0.3827294126300525,35.601855744861744
137,0.0,137.0,0.0,137.0,1.0,0.48992761667398954,36.09178336153573
138,0.0,138.0,0.0,138.0,1.0,0.17508413888684032,36.26686750042257
139,0.0,139.0,0.0,139.0,1.0,0.37369303708442,36.64056053750699
140,1.0,0.0,0.0,0.0,0.0,0.0028872933134063373,0.0028872933134063373
141,1.0,1.0,0.0,1.0,1.0,0.002305663962819553,0.005192957276225891
142,1.0,2.0,0.0,2.0,2.0,0.11416634309336976,0.11935930036959565
143,1.0,3.0,0.0,3.0,3.0,0.01944508814150424,0.13880438851109989
144,1.0,4.0,0.0,4.0,4.0,0.6540429615726427,0.7928473500837426
145,1.0,5.0,0.0,5.0,5.0,0.1967654762394042,0.9896128263231468
146,1.0,6.0,0.0,6.0,6.0,0.04358729831626531,1.0332001246394122
147,1.0,7.0,0.0,7.0,7.0,0.001840203314620243,1.0350403279540326
148,1.0,8.0,0.0,8.0,4.0,0.0691284004920622,1.1041687284460948
149,1.0,9.0,0.0,9.0,4.0,0.28352961687396766,1.3876983453200624
150,1.0,10.0,0.0,10.0,5.0,0.10887103289640333,1.4965693782164657
151,1.0,11.0,0.0,11.0,4.0,0.25290044410795415,1.7494698223244198
152,1.0,12.0,0.0,12.0,2.0,0.05769111326062741,1.8071609355850473
153,1.0,13.0,0.0,13.0,4.0,0.4553523123295145,2.262513247914562
154,1.0,14.0,0.0,14.0,4.0,0.05592432112388458,2.3184375690384464
155,1.0,15.0,0.0,15.0,6.0,0.18082379842721444,2.4992613674656607
156,1.0,16.0,0.0,16.0,3.0,0.017633607935060355,2.5168949754007213
157,1.0,17.0,0.0,17.0,5.0,0.19803219860042237,2.7149271740011436
158,1.0,18.0,0.0,18.0,0.0,0.07202453422853258,2.786951708229676
159,1.0,19.0,0.0,19.0,1.0,0.31566792115570425,3.10261962938538
160,1.0,20.0,0.0,20.0,1.0,0.05419086489076534,3.1568104942761455
161,1.0,21.0,0.0,21.0,7.0,0.3677959532377201,3.5246064475138654
162,1.0,22.0,0.0,22.0,7.0,0.07368529301078346,3.598291740524649
163,1.0,23.0,0.0,23.0,4.0,0.38407630976366497,3.9823680502883136
164,1.0,24.0,0.0,24.0,4.0,0.6835618571903465,4.66592990747866
165,1.0,25.0,0.0,25.0,4.0,0.35594551973426275,5.021875427212923
166,1.0,26.0,0.0,26.0,4.0,0.02855834162936892,5.050433768842292
167,1.0,27.0,0.0,27.0,4.0,0.16324319242769206,5.213676961269984
168,1.0,28.0,0.0,28.0,6.0,0.07668110043991282,5.290358061709897
169,1.0,29.0,0.0,29.0,4.0,0.055336260271001254,5.345694321980899
170,1.0,30.0,0.0,30.0,5.0,0.045239299265613805,5.390933621246512
171,1.0,31.0,0.0,31.0,2.0,0.04567914720778345,5.436612768454296
172,1.0,32.0,0.0,32.0,7.0,0.031593248526429196,5.468206016980725
173,1.0,33.0,0.0,33.0,4.0,0.08504876448163631,5.553254781462361
174,1.0,34.0,0.0,34.0,1.0,0.03678306049306201,5.590037841955423
175,1.0,35.0,0.0,35.0,4.0,0.03140880552569233,5.6214466474811156
176,1.0,36.0,0.0,36.0,0.0,0.047772908368496465,5.669219555849612
177,1.0,37.0,0.0,37.0,6.0,0.053122946860004204,5.7223425027096155
178,1.0,38.0,0.0,38.0,4.0,0.14474221558241018,5.867084718292026
179,1.0,39.0,0.0,39.0,5.0,0.3260744269162105,6.193159145208236
180,1.0,40.0,0.0,40.0,5.0,0.2332021551087789,6.426361300317015
181,1.0,41.0,0.0,41.0,5.0,0.07921521180664803,6.505576512123663
182,1.0,42.0,0.0,42.0,4.0,0.12291039626895603,6.6284869083926194
183,1.0,43.0,0.0,43.0,3.0,0.012977233621746204,6.641464142014366
184,1.0,44.0,0.0,44.0,7.0,0.039378198934312686,6.680842340948678
185,1.0,45.0,0.0,45.0,4.0,0.28664306889428015,6.967485409842959
186,1.0,46.0,0.0,46.0,4.0,0.015263167443632708,6.982748577286591
187,1.0,47.0,0.0,47.0,2.0,0.2552428198273047,7.237991397113896
188,1.0,48.0,0.0,48.0,2.0,0.0,7.237991397113896
189,1.0,49.0,0.0,49.0,5.0,0.039105418102884336,7.27709681521678
190,1.0,50.0,0.0,50.0,1.0,0.21053023822235897,7.487627053439138
191,1.0,51.0,0.0,51.0,1.0,0.3603672536241725,7.847994307063311
192,1.0,52.0,0.0,52.0,1.0,0.39834571391267626,8.246340020975987
193,1.0,53.0,0.0,53.0,1.0,0.03844315521143479,8.284783176187421
194,1.0,54.0,0.0,54.0,1.0,0.5837809056680765,8.868564081855498
195,1.0,55.0,0.0,55.0,1.0,0.5226063022225655,9.391170384078062
196,1.0,56.0,0.0,56.0,1.0,0.10034551067107335,9.491515894749137
197,1.0,57.0,0.0,57.0,1.0,0.03130230391232533,9.522818198661462
198,1.0,58.0,0.0,58.0,1.0,0.024452354282237857,9.547270552943699
199,1.0,59.0,0.0,59.0,4.0,0.12310970052264744,9.670380253466346
200,1.0,60.0,0.0,60.0,1.0,0.46477748677000064,10.135157740236346
201,1.0,61.0,0.0,61.0,1.0,0.32129692809877197,10.456454668335118
202,1.0,62.0,0.0,62.0,1.0,0.27030047603662344,10.726755144371742
203,1.0,63.0,0.0,63.0,1.0,0.4918602219228307,11.218615366294573
204,1.0,64.0,0.0,64.0,1.0,0.040446183493649465,11.259061549788223
205,1.0,65.0,0.0,65.0,1.0,0.6928184074912025,11.951879957279425
206,1.0,66.0,0.0,66.0,1.0,0.5506291836076398,12.502509140887065
207,1.0,67.0,0.0,67.0,1.0,0.19428691238038912,12.696796053267455
208,1.0,68.0,0.0,68.0,1.0,0.0,12.696796053267455
209,1.0,69.0,0.0,69.0,1.0,0.2492450924289736,12.946041145696428
210,1.0,70.0,0.0,70.0,1.0,0.2069358627028797,13.152977008399308
211,1.0,71.0,0.0,71.0,1.0,0.906159842082871,14.05913685048218
212,1.0,72.0,0.0,72.0,1.0,0.18180630230801578,14.240943152790194
213,1.0,73.0,0.0,73.0,1.0,0.03212158846273271,14.273064741252927
214,1.0,74.0,0.0,74.0,1.0,0.050994923426011474,14.32405966467894
215,1.0,75.0,0.0,75.0,1.0,0.39718563193343676,14.721245296612377
216,1.0,76.0,0.0,76.0,1.0,0.19100985656063638,14.912255153173014
217,1.0,77.0,0.0,77.0,1.0,0.04275449765301124,14.955009650826025
218,1.0,78.0,0.0,78.0,1.0,0.5505664827460613,15.505576133572086
219,1.0,79.0,0.0,79.0,1.0,0.3191248122623761,15.824700945834463
220,1.0,80.0,0.0,80.0,1.0,0.17651068553815377,16.001211631372616
221,1.0,81.0,0.0,81.0,1.0,0.009414623677039123,16.010626255049655
222,1.0,82.0,0.0,82.0,1.0,0.007486452257425247,16.01811270730708
223,1.0,83.0,0.0,83.0,6.0,0.5439305005032969,16.562043207810376
224,1.0,84.0,0.0,84.0,6.0,0.024240049071137894,16.586283256881515
225,1.0,85.0,0.0,85.0,6.0,0.14866973901312727,16.73495299589464
226,1.0,86.0,0.0,86.0,6.0,0.3044732144486224,17.039426210343265
227,1.0,87.0,0.0,87.0,6.0,0.0065288752219575105,17.04595508556522
228,1.0,88.0,0.0,88.0,4.0,0.2585952751758203,17.304550360741043
229,1.0,89.0,0.0,89.0,4.0,0.04976237214852769,17.35431273288957
230,1.0,90.0,0.0,90.0,1.0,0.12799780214959394,17.482310535039165
231,1.0,91.0,0.0,91.0,5.0,0.07969145452839503,17.56200198956756
232,1.0,92.0,0.0,92.0,1.0,0.5272190951870384,18.089221084754598
233,1.0,93.0,0.0,93.0,1.0,0.2090164203923199,18.29823750514692
234,1.0,94.0,0.0,94.0,1.0,0.523172455944119,18.82140996109104
235,1.0,95.0,0.0,95.0,1.0,0.5039752065735241,19.325385167664564
236,1.0,96.0,0.0,96.0,1.0,0.6650651805465908,19.990450348211155
237,1.0,97.0,0.0,97.0,1.0,0.43903405518018807,20.429484403391342
238,1.0,98.0,0.0,98.0,1.0,0.21149445724608967,20.640978860637432
239,1.0,99.0,0.0,99.0,1.0,0.036808587092669896,20.6777874477301
240,1.0,100.0,0.0,100.0,1.0,0.6185319133084813,21.29631936103858
241,1.0,101.0,0.0,101.0,1.0,0.5665741875358693,21.86289354857445
242,1.0,102.0,0.0,102.0,1.0,0.016286005375207163,21.87917955394966
243,1.0,103.0,0.0,103.0,1.0,0.5404616020839541,22.419641156033613
244,1.0,104.0,0.0,104.0,1.0,0.07829376355647938,22.497934919590094
245,1.0,105.0,0.0,105.0,1.0,0.37211109589894,22.870046015489034
246,1.0,106.0,0.0,106.0,1.0,0.03552907833744881,22.90557509382648
247,1.0,107.0,0.0,107.0,1.0,0.04604276770755116,22.951617861534032
248,1.0,108.0,0.0,108.0,1.0,0.005484616092466461,22.9571024776265
249,1.0,109.0,0.0,109.0,1.0,0.03623865442015819,22.99334113204666
250,1.0,110.0,0.0,110.0,1.0,0.2518176248705993,23.24515875691726
251,1.0,111.0,0.0,111.0,1.0,0.3755621865014909,23.62072094341875
252,1.0,112.0,0.0,112.0,1.0,0.07911281456816083,23.699833757986912
253,1.0,113.0,0.0,113.0,0.0,0.368057900914021,24.067891658900933
254,1.0,114.0,0.0,114.0,0.0,0.5746760296552509,24.642567688556184
255,1.0,115.0,0.0,115.0,0.0,0.02907924460791601,24.6716469331641
256,1.0,116.0,0.0,116.0,0.0,0.30493003508206645,24.976576968246167
257,1.0,117.0,0.0,117.0,0.0,0.2422912656948923,25.21886823394106
258,1.0,118.0,0.0,118.0,0.0,0.006622615444680371,25.22549084938574
259,1.0,119.0,0.0,119.0,0.0,0.13488052394321595,25.360371373328956
260,1.0,120.0,0.0,120.0,0.0,0.21577711414051928,25.576148487469474
261,1.0,121.0,0.0,121.0,0.0,0.13778065133884274,25.713929138808318
262,1.0,122.0,0.0,122.0,1.0,0.04897398908866763,25.762903127896987
263,1.0,123.0,0.0,123.0,7.0,0.1110391112840958,25.873942239181083
264,1.0,124.0,0.0,124.0,4.0,0.0458483409372086,25.919790580118292
265,1.0,125.0,0.0,125.0,1.0,0.2822886641312422,26.202079244249536
266,1.0,126.0,0.0,126.0,1.0,0.0638191291806622,26.265898373430197
267,1.0,127.0,0.0,127.0,0.0,0.5350018437297164,26.800900217159914
268,1.0,128.0,0.0,128.0,0.0,0.15809015159037818,26.958990368750293
269,1.0,129.0,0.0,129.0,0.0,0.22007307221139716,27.17906344096169
270,1.0,130.0,0.0,130.0,0.0,0.7349798635335444,27.914043304495237
271,1.0,131.0,0.0,131.0,0.0,0.09288000234047736,28.006923306835716
272,1.0,132.0,0.0,132.0,0.0,0.5436932793487974,28.550616586184514
273,1.0,133.0,0.0,133.0,0.0,0.1795964791647567,28.73021306534927
274,1.0,134.0,0.0,134.0,0.0,0.3658557221948242,29.096068787544095
275,1.0,135.0,0.0,135.0,0.0,0.06758598651930194,29.163654774063396
276,1.0,136.0,0.0,136.0,0.0,0.14605191288403124,29.309706686947425
277,1.0,137.0,0.0,137.0,0.0,0.1943200309953523,29.50402671794278
278,1.0,138.0,0.0,138.0,0.0,0.7687952755278239,30.272821993470604
279,1.0,139.0,0.0,139.0,0.0,0.03504956271609276,30.307871556186697
280,2.0,0.0,0.0,0.0,0.0,0.09982472705249837,0.09982472705249837
281,2.0,1.0,0.0,1.0,1.0,0.566617866587588,0.6664425936400863
282,2.0,2.0,0.0,2.0,2.0,0.616408333461751,1.2828509271018373
283,2.0,3.0,0.0,3.0,3.0,0.03434234727984327,1.3171932743816805
284,2.0,4.0,0.0,4.0,4.0,0.12291039626895603,1.4401036706506365
285,2.0,5.0,0.0,5.0,5.0,0.5860914818076215,2.026195152458258
286,2.0,6.0,0.0,6.0,6.0,0.0761429024127621,2.10233805487102
287,2.0,7.0,0.0,7.0,7.0,0.03223422639641347,2.1345722812674337
288,2.0,8.0,0.0,8.0,2.0,0.013416295009715109,2.147988576277149
289,2.0,9.0,0.0,9.0,5.0,0.07220778208930194,2.220196358366451
290,2.0,10.0,0.0,10.0,1.0,0.06087155970796425,2.281067918074415
291,2.0,11.0,0.0,11.0,5.0,0.020132694935524064,2.301200613009939
292,2.0,12.0,0.0,12.0,2.0,0.1923772404901013,2.49357785350004
293,2.0,13.0,0.0,13.0,1.0,0.48034514855915333,2.9739230020591934
294,2.0,14.0,0.0,14.0,1.0,0.3560582717669506,3.329981273826144
295,2.0,15.0,0.0,15.0,4.0,0.031660882973198315,3.361642156799342
296,2.0,16.0,0.0,16.0,1.0,0.5505664827460613,3.9122086395454034
297,2.0,17.0,0.0,17.0,1.0,0.0,3.9122086395454034
298,2.0,18.0,0.0,18.0,0.0,0.1795964791647567,4.09180511871016
299,2.0,19.0,0.0,19.0,6.0,0.19912487124278738,4.290929989952947
300,2.0,20.0,0.0,20.0,2.0,0.02961023762476305,4.320540227577711
301,2.0,21.0,0.0,21.0,1.0,0.7057490709979168,5.026289298575628
302,2.0,22.0,0.0,22.0,1.0,0.08825892598761716,5.1145482245632445
303,2.0,23.0,0.0,23.0,3.0,0.2544807142747321,5.369028938837976
304,2.0,24.0,0.0,24.0,7.0,0.01649071420355975,5.385519653041536
305,2.0,25.0,0.0,25.0,1.0,0.5561015439364563,5.941621196977993
306,2.0,26.0,0.0,26.0,1.0,0.2450032863048723,6.1866244832828645
307,2.0,27.0,0.0,27.0,1.0,0.985211241544162,7.171835724827027
308,2.0,28.0,0.0,28.0,1.0,0.03877650373197622,7.210612228559003
309,2.0,29.0,0.0,29.0,1.0,0.48992761667398954,7.700539845232993
310,2.0,30.0,0.0,30.0,1.0,0.3124783537219896,8.013018198954983
311,2.0,31.0,0.0,31.0,1.0,0.02638842181048652,8.039406620765469
312,2.0,32.0,0.0,32.0,5.0,0.030874910637722894,8.070281531403191
313,2.0,33.0,0.0,33.0,3.0,0.3133829150555453,8.383664446458736
314,2.0,34.0,0.0,34.0,0.0,0.5136760896820668,8.897340536140803
315,2.0,35.0,0.0,35.0,0.0,0.32944344537294745,9.22678398151375
316,2.0,36.0,0.0,36.0,0.0,0.01630328972163699,9.243087271235387
317,2.0,37.0,0.0,37.0,1.0,0.31589897303066716,9.558986244266054
318,2.0,38.0,0.0,38.0,6.0,0.4431168054972325,10.002103049763287
319,2.0,39.0,0.0,39.0,6.0,0.0221242186123757,10.024227268375663
320,2.0,40.0,0.0,40.0,3.0,0.014616350052016952,10.03884361842768
321,2.0,41.0,0.0,41.0,1.0,0.4001127235481598,10.43895634197584
322,2.0,42.0,0.0,42.0,1.0,0.16156746052972168,10.600523802505561
323,2.0,43.0,0.0,43.0,1.0,0.36139034423590183,10.961914146741464
324,2.0,44.0,0.0,44.0,1.0,0.009414623677039123,10.971328770418502
325,2.0,45.0,0.0,45.0,2.0,0.2552428198273047,11.226571590245808
326,2.0,46.0,0.0,46.0,0.0,0.06499380911092943,11.291565399356736
327,2.0,47.0,0.0,47.0,1.0,0.273903489505219,11.565468888861956
328,2.0,48.0,0.0,48.0,2.0,0.00967574268118427,11.57514463154314
329,2.0,49.0,0.0,49.0,1.0,0.29116407363040553,11.866308705173545
330,2.0,50.0,0.0,50.0,1.0,0.1594821582760066,12.02579086344955
331,2.0,51.0,0.0,51.0,6.0,0.0,12.02579086344955
332,2.0,52.0,0.0,52.0,4.0,0.377725862835473,12.403516726285023
333,2.0,53.0,0.0,53.0,4.0,0.0,12.403516726285023
334,2.0,54.0,0.0,54.0,1.0,0.11178869520378656,12.51530542148881
335,2.0,55.0,0.0,55.0,5.0,0.0840225020300357,12.599327923518846
336,2.0,56.0,0.0,56.0,1.0,0.2763368581255072,12.875664781644353
337,2.0,57.0,0.0,57.0,1.0,0.01487016208972749,12.89053494373408
338,2.0,58.0,0.0,58.0,0.0,0.3356683593945567,13.226203303128637
339,2.0,59.0,0.0,59.0,0.0,0.036088802567814694,13.262292105696451
340,2.0,60.0,0.0,60.0,3.0,0.3978322707056481,13.660124376402099
341,2.0,61.0,0.0,61.0,3.0,0.2767759888802954,13.936900365282394
342,2.0,62.0,0.0,62.0,3.0,0.15701927079026304,14.093919636072657
343,2.0,63.0,0.0,63.0,1.0,0.19442593452450535,14.288345570597162
344,2.0,64.0,0.0,64.0,3.0,0.21198230398349505,14.500327874580657
345,2.0,65.0,0.0,65.0,1.0,0.34142634122192306,14.841754215802581
346,2.0,66.0,0.0,66.0,1.0,0.17692981544432004,15.0186840312469
347,2.0,67.0,0.0,67.0,2.0,0.2023853033220547,15.221069334568956
348,2.0,68.0,0.0,68.0,1.0,0.0340934768387209,15.255162811407677
349,2.0,69.0,0.0,69.0,3.0,0.12552160856459102,15.380684419972269
350,2.0,70.0,0.0,70.0,4.0,0.2669877325882256,15.647672152560494
351,2.0,71.0,0.0,71.0,4.0,0.1259441033553258,15.77361625591582
352,2.0,72.0,0.0,72.0,5.0,0.03649922573764,15.81011548165346
353,2.0,73.0,0.0,73.0,7.0,0.0066493075039878655,15.816764789157448
354,2.0,74.0,0.0,74.0,1.0,0.09969757656604028,15.916462365723488
355,2.0,75.0,0.0,75.0,2.0,0.02597662360649964,15.942438989329988
356,2.0,76.0,0.0,76.0,0.0,0.6436652044331178,16.586104193763106
357,2.0,77.0,0.0,77.0,0.0,0.37831030646169383,16.964414500224798
358,2.0,78.0,0.0,78.0,0.0,0.4148941861956874,17.379308686420487
359,2.0,79.0,0.0,79.0,0.0,0.06345795290550829,17.442766639325995
360,2.0,80.0,0.0,80.0,0.0,0.3814147592104799,17.824181398536474
361,2.0,81.0,0.0,81.0,0.0,0.30346174155414896,18.127643140090623
362,2.0,82.0,0.0,82.0,0.0,0.002912077150743508,18.130555217241366
363,2.0,83.0,0.0,83.0,0.0,0.18478394853108837,18.315339165772453
364,2.0,84.0,0.0,84.0,0.0,0.0,18.315339165772453
365,2.0,85.0,0.0,85.0,6.0,0.517016538813429,18.832355704585883
366,2.0,86.0,0.0,86.0,6.0,0.12574780157011559,18.958103506155997
367,2.0,87.0,0.0,87.0,6.0,0.22623099164272364,19.18433449779872
368,2.0,88.0,0.0,88.0,6.0,0.5881233134510132,19.772457811249733
369,2.0,89.0,0.0,89.0,6.0,0.11055509569515812,19.88301290694489
370,2.0,90.0,0.0,90.0,6.0,0.03169883067450954,19.914711737619402
371,2.0,91.0,0.0,91.0,1.0,0.07829376355647938,19.993005501175883
372,2.0,92.0,0.0,92.0,3.0,0.4565450216257821,20.449550522801665
373,2.0,93.0,0.0,93.0,3.0,0.2342178907106917,20.683768413512357
374,2.0,94.0,0.0,94.0,3.0,0.09493613904384755,20.778704552556206
375,2.0,95.0,0.0,95.0,6.0,0.03616943773257567,20.81487399028878
376,2.0,96.0,0.0,96.0,1.0,0.5609296484058691,21.37580363869465
377,2.0,97.0,0.0,97.0,1.0,0.4727603760846626,21.84856401477931
378,2.0,98.0,0.0,98.0,1.0,0.5463756390390827,22.394939653818394
379,2.0,99.0,0.0,99.0,1.0,0.04054948363843776,22.43548913745683
380,2.0,100.0,0.0,100.0,1.0,0.49790235445565706,22.933391491912488
381,2.0,101.0,0.0,101.0,1.0,0.11599041187251125,23.049381903784997
382,2.0,102.0,0.0,102.0,1.0,0.4035387205350678,23.452920624320065
383,2.0,103.0,0.0,103.0,1.0,0.3191248122623761,23.77204543658244
384,2.0,104.0,0.0,104.0,1.0,0.43520528315316864,24.20725071973561
385,2.0,105.0,0.0,105.0,1.0,0.40584669343300994,24.61309741316862
386,2.0,106.0,0.0,106.0,1.0,0.19672450848584075,24.80982192165446
387,2.0,107.0,0.0,107.0,1.0,0.040884656058680725,24.85070657771314
388,2.0,108.0,0.0,108.0,1.0,0.373600431880724,25.224307009593865
389,2.0,109.0,0.0,109.0,1.0,0.2644650257842748,25.48877203537814
390,2.0,110.0,0.0,110.0,1.0,0.3743981007880467,25.863170136166186
391,2.0,111.0,0.0,111.0,1.0,0.27236784331373076,26.135537979479917
392,2.0,112.0,0.0,112.0,1.0,0.4142568715774543,26.54979485105737
393,2.0,113.0,0.0,113.0,1.0,0.4607874306831638,27.010582281740536
394,2.0,114.0,0.0,114.0,1.0,0.6358060020352765,27.646388283775813
395,2.0,115.0,0.0,115.0,1.0,0.5636539759889608,28.210042259764773
396,2.0,116.0,0.0,116.0,1.0,0.3276109253863744,28.537653185151147
397,2.0,117.0,0.0,117.0,1.0,0.012356973189440621,28.550010158340587
398,2.0,118.0,0.0,118.0,1.0,0.06357982901634442,28.61358998735693
399,2.0,119.0,0.0,119.0,1.0,0.6167247360268027,29.230314723383735
400,2.0,120.0,0.0,120.0,1.0,0.5794320930732864,29.80974681645702
401,2.0,121.0,0.0,121.0,1.0,0.1662554279417078,29.976002244398728
402,2.0,122.0,0.0,122.0,1.0,0.33352248926082595,30.309524733659554
403,2.0,123.0,0.0,123.0,1.0,0.3755621865014909,30.685086920161044
404,2.0,124.0,0.0,124.0,1.0,0.41355142827365454,31.098638348434697
405,2.0,125.0,0.0,125.0,1.0,0.544155327713503,31.6427936761482
406,2.0,126.0,0.0,126.0,1.0,0.0,31.6427936761482
407,2.0,127.0,0.0,127.0,1.0,0.050994923426011474,31.693788599574212
408,2.0,128.0,0.0,128.0,1.0,0.07147752484273073,31.765266124416943
409,2.0,129.0,0.0,129.0,1.0,0.05154376426258303,31.816809888679526
410,2.0,130.0,0.0,130.0,1.0,0.014391382175552232,31.83120127085508
411,2.0,131.0,0.0,131.0,3.0,0.03811458953967667,31.869315860394757
412,2.0,132.0,0.0,132.0,4.0,0.09470382202352347,31.96401968241828
413,2.0,133.0,0.0,133.0,1.0,0.14921597079444912,32.113235653212726
414,2.0,134.0,0.0,134.0,1.0,0.03130230391232533,32.14453795712505
415,2.0,135.0,0.0,135.0,0.0,0.08642263538205842,32.23096059250711
416,2.0,136.0,0.0,136.0,1.0,0.34893628935498244,32.57989688186209
417,2.0,137.0,0.0,137.0,1.0,0.385105042081247,32.96500192394334
418,2.0,138.0,0.0,138.0,1.0,0.6776699070343273,33.64267183097767
419,2.0,139.0,0.0,139.0,1.0,0.041716650552312905,33.68438848152998
420,3.0,0.0,0.0,0.0,0.0,0.0644058934614243,0.0644058934614243
421,3.0,1.0,0.0,1.0,1.0,0.2549139083389911,0.31931980180041536
422,3.0,2.0,0.0,2.0,2.0,0.4477331316373874,0.7670529334378028
423,3.0,3.0,0.0,3.0,3.0,0.06690024055108372,0.8339531739888865
424,3.0,4.0,0.0,4.0,4.0,0.181485903874824,1.0154390778637103
425,3.0,5.0,0.0,5.0,5.0,0.11418720016476185,1.1296262780284723
426,3.0,6.0,0.0,6.0,6.0,0.2726065317705735,1.4022328097990457
427,3.0,7.0,0.0,7.0,7.0,0.1299169917575961,1.532149801556642
428,3.0,8.0,0.0,8.0,2.0,0.10114159339618943,1.6332913949528314
429,3.0,9.0,0.0,9.0,6.0,0.10549690487380983,1.7387882998266413
430,3.0,10.0,0.0,10.0,1.0,0.056333843944562825,1.7951221437712042
431,3.0,11.0,0.0,11.0,4.0,0.7828766146114599,2.5779987583826642
432,3.0,12.0,0.0,12.0,4.0,0.27331608674620483,2.851314845128869
433,3.0,13.0,0.0,13.0,4.0,0.09018338993534895,2.941498235064218
434,3.0,14.0,0.0,14.0,7.0,0.0,2.941498235064218
435,3.0,15.0,0.0,15.0,2.0,0.1935150461606615,3.1350132812248797
436,3.0,16.0,0.0,16.0,5.0,0.09266613034269229,3.2276794115675718
437,3.0,17.0,0.0,17.0,4.0,0.22978600236771618,3.457465413935288
438,3.0,18.0,0.0,18.0,3.0,0.009247643016295205,3.466713056951583
439,3.0,19.0,0.0,19.0,0.0,0.04234147182496884,3.5090545287765518
440,3.0,20.0,0.0,20.0,6.0,0.4893944741761716,3.9984490029527233
441,3.0,21.0,0.0,21.0,6.0,0.21626856140959622,4.21471756436232
442,3.0,22.0,0.0,22.0,2.0,0.0,4.21471756436232
443,3.0,23.0,0.0,23.0,4.0,0.3261718412074511,4.540889405569771
444,3.0,24.0,0.0,24.0,6.0,0.517016538813429,5.0579059443832
445,3.0,25.0,0.0,25.0,6.0,0.4429042432955109,5.500810187678711
446,3.0,26.0,0.0,26.0,6.0,0.006249343701957004,5.507059531380668
447,3.0,27.0,0.0,27.0,4.0,0.7116264756313835,6.218686007012051
448,3.0,28.0,0.0,28.0,4.0,0.03140880552569233,6.250094812537744
449,3.0,29.0,0.0,29.0,1.0,0.3478382166061331,6.597933029143877
450,3.0,30.0,0.0,30.0,1.0,0.6914130535881139,7.289346082731991
451,3.0,31.0,0.0,31.0,1.0,0.1930465805836512,7.482392663315642
452,3.0,32.0,0.0,32.0,1.0,0.3030219381449725,7.785414601460615
453,3.0,33.0,0.0,33.0,1.0,0.18006936068033735,7.965483962140953
454,3.0,34.0,0.0,34.0,4.0,0.0,7.965483962140953
455,3.0,35.0,0.0,35.0,6.0,0.012145406271351331,7.977629368412304
456,3.0,36.0,0.0,36.0,1.0,0.059410968257415,8.037040336669719
457,3.0,37.0,0.0,37.0,4.0,0.1798841405985794,8.216924477268298
458,3.0,38.0,0.0,38.0,5.0,0.2366591619908042,8.453583639259103
459,3.0,39.0,0.0,39.0,4.0,0.0,8.453583639259103
460,3.0,40.0,0.0,40.0,1.0,0.33628363794601485,8.789867277205117
461,3.0,41.0,0.0,41.0,5.0,0.05732595908679103,8.847193236291908
462,3.0,42.0,0.0,42.0,1.0,0.167157065668076,9.014350301959984
463,3.0,43.0,0.0,43.0,2.0,0.03384698787939066,9.048197289839376
464,3.0,44.0,0.0,44.0,6.0,0.08690004437343957,9.135097334212816
465,3.0,45.0,0.0,45.0,7.0,0.05230269751991053,9.187400031732727
466,3.0,46.0,0.0,46.0,1.0,0.14647269508130534,9.333872726814032
467,3.0,47.0,0.0,47.0,0.0,0.010689158282122182,9.344561885096155
468,3.0,48.0,0.0,48.0,4.0,0.4553523123295145,9.79991419742567
469,3.0,49.0,0.0,49.0,4.0,0.0,9.79991419742567
470,3.0,50.0,0.0,50.0,6.0,0.034571824752477893,9.834486022178147
471,3.0,51.0,0.0,51.0,1.0,0.28539525164627166,10.119881273824419
472,3.0,52.0,0.0,52.0,1.0,0.05302494627507703,10.172906220099495
473,3.0,53.0,0.0,53.0,3.0,0.07088066228574305,10.243786882385239
474,3.0,54.0,0.0,54.0,4.0,0.4312942355028902,10.675081117888128
475,3.0,55.0,0.0,55.0,4.0,0.07230681796995715,10.747387935858086
476,3.0,56.0,0.0,56.0,4.0,0.5945644811664164,11.341952417024503
477,3.0,57.0,0.0,57.0,4.0,0.5331734464674244,11.875125863491927
478,3.0,58.0,0.0,58.0,4.0,0.04228428036129462,11.917410143853223
479,3.0,59.0,0.0,59.0,4.0,0.0691284004920622,11.986538544345285
480,3.0,60.0,0.0,60.0,2.0,0.023212912742015323,12.009751457087301
481,3.0,61.0,0.0,61.0,4.0,0.17808383604239872,12.1878352931297
482,3.0,62.0,0.0,62.0,6.0,0.26226534603791707,12.450100639167617
483,3.0,63.0,0.0,63.0,5.0,0.06781955157081444,12.517920190738431
484,3.0,64.0,0.0,64.0,1.0,0.33460727191926215,12.852527462657694
485,3.0,65.0,0.0,65.0,1.0,0.048405122603629634,12.900932585261323
486,3.0,66.0,0.0,66.0,6.0,0.024821027248678254,12.925753612510002
487,3.0,67.0,0.0,67.0,4.0,0.07421879737525444,12.999972409885256
488,3.0,68.0,0.0,68.0,1.0,0.4855138524647302,13.485486262349987
489,3.0,69.0,0.0,69.0,1.0,0.24698451568998586,13.732470778039973
490,3.0,70.0,0.0,70.0,1.0,0.25172433617192413,13.984195114211897
491,3.0,71.0,0.0,71.0,1.0,0.012041312767766843,13.996236426979664
492,3.0,72.0,0.0,72.0,4.0,0.36769860918274355,14.363935036162408
493,3.0,73.0,0.0,73.0,4.0,0.15002798453675656,14.513963020699164
494,3.0,74.0,0.0,74.0,4.0,0.522108739670311,15.036071760369474
495,3.0,75.0,0.0,75.0,4.0,0.15471322130239862,15.190784981671872
496,3.0,76.0,0.0,76.0,4.0,0.28043871184606295,15.471223693517935
497,3.0,77.0,0.0,77.0,4.0,0.18223023641733657,15.65345392993527
498,3.0,78.0,0.0,78.0,4.0,0.045275164468853005,15.698729094404124
499,3.0,79.0,0.0,79.0,6.0,0.006071660596181205,15.704800755000305
500,3.0,80.0,0.0,80.0,7.0,0.027773317771073027,15.732574072771378
501,3.0,81.0,0.0,81.0,1.0,0.5391037362296138,16.27167780900099
502,3.0,82.0,0.0,82.0,1.0,0.6930308683884588,16.96470867738945
503,3.0,83.0,0.0,83.0,1.0,0.43991940905292487,17.404628086442376
504,3.0,84.0,0.0,84.0,1.0,0.2454675645542836,17.650095650996658
505,3.0,85.0,0.0,85.0,1.0,0.6742161866635077,18.324311837660165
506,3.0,86.0,0.0,86.0,1.0,0.36139034423590183,18.685702181896065
507,3.0,87.0,0.0,87.0,1.0,0.45355986905895407,19.13926205095502
508,3.0,88.0,0.0,88.0,1.0,0.6167247360268027,19.755986786981822
509,3.0,89.0,0.0,89.0,1.0,0.0572116515295082,19.81319843851133
510,3.0,90.0,0.0,90.0,1.0,0.43348598450796716,20.246684423019296
511,3.0,91.0,0.0,91.0,1.0,0.5296758160393695,20.776360239058665
512,3.0,92.0,0.0,92.0,1.0,0.09443533725062055,20.870795576309284
513,3.0,93.0,0.0,93.0,1.0,0.1755692537063842,21.04636483001567
514,3.0,94.0,0.0,94.0,1.0,0.0,21.04636483001567
515,3.0,95.0,0.0,95.0,1.0,0.46798718389960925,21.51435201391528
516,3.0,96.0,0.0,96.0,1.0,0.4795997771293664,21.993951791044644
517,3.0,97.0,0.0,97.0,1.0,0.10034551067107335,22.094297301715716
518,3.0,98.0,0.0,98.0,1.0,0.7188616705042143,22.81315897221993
519,3.0,99.0,0.0,99.0,1.0,0.4043982987268048,23.217557270946735
520,3.0,100.0,0.0,100.0,1.0,0.49790235445565706,23.715459625402392
521,3.0,101.0,0.0,101.0,1.0,0.20769269781837782,23.92315232322077
522,3.0,102.0,0.0,102.0,1.0,0.21449789068143152,24.1376502139022
523,3.0,103.0,0.0,103.0,1.0,0.2014323638683389,24.33908257777054
524,3.0,104.0,0.0,104.0,1.0,0.18180630230801578,24.520888880078555
525,3.0,105.0,0.0,105.0,1.0,0.6185319133084813,25.139420793387036
526,3.0,106.0,0.0,106.0,1.0,0.2492450924289736,25.38866588581601
527,3.0,107.0,0.0,107.0,1.0,0.2069358627028797,25.59560174851889
528,3.0,108.0,0.0,108.0,1.0,0.43903405518018807,26.03463580369908
529,3.0,109.0,0.0,109.0,1.0,0.2644650257842748,26.299100829483354
530,3.0,110.0,0.0,110.0,1.0,0.08573508818235633,26.38483591766571
531,3.0,111.0,0.0,111.0,1.0,0.5406796894962645,26.925515607161977
532,3.0,112.0,0.0,112.0,1.0,0.1662554279417078,27.091771035103683
533,3.0,113.0,0.0,113.0,1.0,0.3542711738172799,27.446042208920964
534,3.0,114.0,0.0,114.0,1.0,0.045235240501859356,27.491277449422824
535,3.0,115.0,0.0,115.0,1.0,0.3732587142086273,27.864536163631453
536,3.0,116.0,0.0,116.0,1.0,0.37117117273771755,28.23570733636917
537,3.0,117.0,0.0,117.0,1.0,0.1046536787180376,28.340361015087208
538,3.0,118.0,0.0,118.0,1.0,0.007486452257425247,28.347847467344632
539,3.0,119.0,0.0,119.0,1.0,0.18986222838269717,28.53770969572733
540,3.0,120.0,0.0,120.0,1.0,0.15794953324072178,28.69565922896805
541,3.0,121.0,0.0,121.0,1.0,0.34403202438617386,29.039691253354224
542,3.0,122.0,0.0,122.0,1.0,0.463477190243051,29.503168443597275
543,3.0,123.0,0.0,123.0,1.0,0.31589897303066716,29.81906741662794
544,3.0,124.0,0.0,124.0,1.0,0.026055395317088323,29.84512281194503
545,3.0,125.0,0.0,125.0,1.0,0.32837037886638354,30.173493190811413
546,3.0,126.0,0.0,126.0,1.0,0.2995162898143746,30.473009480625787
547,3.0,127.0,0.0,127.0,1.0,0.48034514855915333,30.95335462918494
548,3.0,128.0,0.0,128.0,1.0,0.03623865442015819,30.9895932836051
549,3.0,129.0,0.0,129.0,1.0,0.8232383629069615,31.812831646512063
550,3.0,130.0,0.0,130.0,1.0,0.15356283785833116,31.966394484370394
551,3.0,131.0,0.0,131.0,1.0,0.023588155710216063,31.98998264008061
552,3.0,132.0,0.0,132.0,1.0,0.32958343461122797,32.319566074691835
553,3.0,133.0,0.0,133.0,1.0,0.5414589541752386,32.861025028867076
554,3.0,134.0,0.0,134.0,1.0,0.05683592271548513,32.91786095158256
555,3.0,135.0,0.0,135.0,1.0,0.2972974801598446,33.2151584317424
556,3.0,136.0,0.0,136.0,1.0,0.18096503926726443,33.396123471009666
557,3.0,137.0,0.0,137.0,1.0,0.7057490709979168,34.101872542007584
558,3.0,138.0,0.0,138.0,1.0,0.4260127857093499,34.52788532771693
559,3.0,139.0,0.0,139.0,1.0,0.07974648753185236,34.60763181524878
560,4.0,0.0,0.0,0.0,0.0,0.3431971397789439,0.3431971397789439
561,4.0,1.0,0.0,1.0,1.0,0.051479490522814295,0.3946766303017582
562,4.0,2.0,0.0,2.0,2.0,0.1500318272463725,0.5447084575481307
563,4.0,3.0,0.0,3.0,3.0,0.03723342150249777,0.5819418790506284
564,4.0,4.0,0.0,4.0,4.0,0.08424130694327633,0.6661831859939048
565,4.0,5.0,0.0,5.0,5.0,0.3976081584839873,1.0637913444778921
566,4.0,6.0,0.0,6.0,6.0,0.03716935803613383,1.100960702514026
567,4.0,7.0,0.0,7.0,7.0,0.025810196272465863,1.126770898786492
568,4.0,8.0,0.0,8.0,5.0,0.6324367699093186,1.7592076686958107
569,4.0,9.0,0.0,9.0,5.0,0.1323806100670347,1.8915882787628453
570,4.0,10.0,0.0,10.0,0.0,0.46359686601829553,2.355185144781141
571,4.0,11.0,0.0,11.0,0.0,0.2697486494163181,2.624933794197459
572,4.0,12.0,0.0,12.0,5.0,0.23118218254970255,2.8561159767471613
573,4.0,13.0,0.0,13.0,2.0,0.1952103368347874,3.051326313581949
574,4.0,14.0,0.0,14.0,0.0,0.11033242621217912,3.161658739794128
575,4.0,15.0,0.0,15.0,5.0,0.6302356867721802,3.791894426566308
576,4.0,16.0,0.0,16.0,5.0,0.01693634144516881,3.808830768011477
577,4.0,17.0,0.0,17.0,4.0,0.012752515203168542,3.8215832832146455
578,4.0,18.0,0.0,18.0,1.0,0.01814961710089018,3.8397329003155356
579,4.0,19.0,0.0,19.0,0.0,0.18051326919121366,4.020246169506749
580,4.0,20.0,0.0,20.0,5.0,0.016448243602983997,4.036694413109733
581,4.0,21.0,0.0,21.0,3.0,0.321348495627349,4.358042908737082
582,4.0,22.0,0.0,22.0,6.0,0.018297421697212733,4.376340330434295
583,4.0,23.0,0.0,23.0,3.0,0.08884134371863642,4.465181674152931
584,4.0,24.0,0.0,24.0,2.0,0.0251739597685498,4.490355633921481
585,4.0,25.0,0.0,25.0,7.0,0.3153550107371029,4.805710644658584
586,4.0,26.0,0.0,26.0,7.0,0.07115196365302957,4.876862608311614
587,4.0,27.0,0.0,27.0,0.0,0.1355858742699925,5.012448482581606
588,4.0,28.0,0.0,28.0,5.0,0.0687338891769142,5.08118237175852
589,4.0,29.0,0.0,29.0,0.0,0.2302307664725728,5.311413138231093
590,4.0,30.0,0.0,30.0,5.0,0.1094460481601677,5.420859186391261
591,4.0,31.0,0.0,31.0,3.0,0.4726125172750508,5.893471703666312
592,4.0,32.0,0.0,32.0,3.0,0.034757472427296876,5.928229176093609
593,4.0,33.0,0.0,33.0,0.0,0.03163345888362655,5.9598626349772355
594,4.0,34.0,0.0,34.0,7.0,0.006212132093461384,5.966074767070697
595,4.0,35.0,0.0,35.0,5.0,0.18346821241097794,6.149542979481675
596,4.0,36.0,0.0,36.0,3.0,0.43473427816330634,6.584277257644981
597,4.0,37.0,0.0,37.0,3.0,0.39682326936434825,6.981100527009329
598,4.0,38.0,0.0,38.0,3.0,0.0,6.981100527009329
599,4.0,39.0,0.0,39.0,2.0,0.11112794907821565,7.092228476087545
600,4.0,40.0,0.0,40.0,4.0,0.06507064085527786,7.157299116942823
601,4.0,41.0,0.0,41.0,3.0,0.11979153769516955,7.277090654637992
602,4.0,42.0,0.0,42.0,5.0,0.3949331793417484,7.672023833979741
603,4.0,43.0,0.0,43.0,5.0,0.3695812567746731,8.041605090754414
604,4.0,44.0,0.0,44.0,5.0,0.03592524663699473,8.077530337391408
605,4.0,45.0,0.0,45.0,0.0,0.9532767410258188,9.030807078417228
606,4.0,46.0,0.0,46.0,0.0,0.14173243382312553,9.172539512240354
607,4.0,47.0,0.0,47.0,0.0,0.2422912656948923,9.414830777935245
608,4.0,48.0,0.0,48.0,0.0,0.010689158282122182,9.425519936217368
609,4.0,49.0,0.0,49.0,0.0,0.16378165059257097,9.589301586809938
610,4.0,50.0,0.0,50.0,0.0,0.5079763124735109,10.09727789928345
611,4.0,51.0,0.0,51.0,0.0,0.10238095131401741,10.199658850597467
612,4.0,52.0,0.0,52.0,1.0,0.3770289091747375,10.576687759772206
613,4.0,53.0,0.0,53.0,1.0,0.2750481777666194,10.851735937538825
614,4.0,54.0,0.0,54.0,1.0,0.0,10.851735937538825
615,4.0,55.0,0.0,55.0,0.0,0.003202730549714085,10.85493866808854
616,4.0,56.0,0.0,56.0,5.0,0.084840120376494,10.939778788465034
617,4.0,57.0,0.0,57.0,6.0,0.07483928367034955,11.014618072135384
618,4.0,58.0,0.0,58.0,3.0,0.10919173377025532,11.12380980590564
619,4.0,59.0,0.0,59.0,2.0,0.4474165760551868,11.571226381960827
620,4.0,60.0,0.0,60.0,2.0,0.24233229917923288,11.81355868114006
621,4.0,61.0,0.0,61.0,2.0,0.6914989813222678,12.505057662462328
622,4.0,62.0,0.0,62.0,2.0,0.23528491777505922,12.740342580237387
623,4.0,63.0,0.0,63.0,2.0,0.3819633944603262,13.122305974697714
624,4.0,64.0,0.0,64.0,2.0,0.14291802177756344,13.265223996475276
625,4.0,65.0,0.0,65.0,2.0,0.054316231447874494,13.31954022792315
626,4.0,66.0,0.0,66.0,2.0,0.011066657128728744,13.330606885051878
627,4.0,67.0,0.0,67.0,5.0,0.33520246094764206,13.66580934599952
628,4.0,68.0,0.0,68.0,5.0,0.2540849589031652,13.919894304902686
629,4.0,69.0,0.0,69.0,2.0,0.018913380589980593,13.938807685492666
630,4.0,70.0,0.0,70.0,5.0,0.1062944480074099,14.045102133500075
631,4.0,71.0,0.0,71.0,0.0,0.556997782935919,14.602099916435995
632,4.0,72.0,0.0,72.0,0.0,0.06753548585862193,14.669635402294617
633,4.0,73.0,0.0,73.0,0.0,0.20280029154082022,14.872435693835437
634,4.0,74.0,0.0,74.0,1.0,0.0567682510724773,14.929203944907913
635,4.0,75.0,0.0,75.0,0.0,0.06310373471229341,14.992307679620206
636,4.0,76.0,0.0,76.0,3.0,0.08957230521701336,15.081879984837219
637,4.0,77.0,0.0,77.0,5.0,0.2347151863480657,15.316595171185284
638,4.0,78.0,0.0,78.0,7.0,0.2745547142366455,15.59114988542193
639,4.0,79.0,0.0,79.0,7.0,0.017314819763637197,15.608464705185567
640,4.0,80.0,0.0,80.0,5.0,0.5308862819843357,16.1393509871699
641,4.0,81.0,0.0,81.0,5.0,0.17961416586897808,16.31896515303888
642,4.0,82.0,0.0,82.0,5.0,0.1290261493176966,16.447991302356577
643,4.0,83.0,0.0,83.0,0.0,0.1636896540771578,16.611680956433734
644,4.0,84.0,0.0,84.0,5.0,0.03033147315187292,16.642012429585606
645,4.0,85.0,0.0,85.0,2.0,0.030325387859714597,16.67233781744532
646,4.0,86.0,0.0,86.0,0.0,0.26853274389483384,16.940870561340155
647,4.0,87.0,0.0,87.0,0.0,0.2817517600470201,17.222622321387174
648,4.0,88.0,0.0,88.0,0.0,0.0644058934614243,17.287028214848597
649,4.0,89.0,0.0,89.0,4.0,0.017284916950305974,17.304313131798903
650,4.0,90.0,0.0,90.0,3.0,0.05971757112787003,17.364030702926772
651,4.0,91.0,0.0,91.0,5.0,0.18491341321830262,17.548944116145076
652,4.0,92.0,0.0,92.0,5.0,0.15550319755115438,17.70444731369623
653,4.0,93.0,0.0,93.0,1.0,0.4918602219228307,18.196307535619063
654,4.0,94.0,0.0,94.0,1.0,0.5455017981425876,18.74180933376165
655,4.0,95.0,0.0,95.0,1.0,0.07155799592792342,18.813367329689573
656,4.0,96.0,0.0,96.0,1.0,0.0022521924939087478,18.815619522183482
657,4.0,97.0,0.0,97.0,1.0,0.017194099957233446,18.832813622140716
658,4.0,98.0,0.0,98.0,0.0,0.3286175495168313,19.161431171657547
659,4.0,99.0,0.0,99.0,0.0,0.281025335581069,19.442456507238617
660,4.0,100.0,0.0,100.0,0.0,0.08801112490422275,19.53046763214284
661,4.0,101.0,0.0,101.0,6.0,0.09652553924798965,19.62699317139083
662,4.0,102.0,0.0,102.0,2.0,0.14931701950371112,19.77631019089454
663,4.0,103.0,0.0,103.0,5.0,0.09857704610164078,19.874887236996184
664,4.0,104.0,0.0,104.0,0.0,0.702986132690191,20.577873369686376
665,4.0,105.0,0.0,105.0,0.0,0.5176110281121019,21.09548439779848
666,4.0,106.0,0.0,106.0,0.0,0.035824902184889644,21.131309299983368
667,4.0,107.0,0.0,107.0,0.0,0.18479811029182602,21.316107410275194
668,4.0,108.0,0.0,108.0,0.0,0.010137275612026162,21.32624468588722
669,4.0,109.0,0.0,109.0,0.0,0.15375353585939322,21.479998221746616
670,4.0,110.0,0.0,110.0,0.0,0.3662067910580319,21.84620501280465
671,4.0,111.0,0.0,111.0,0.0,0.0,21.84620501280465
672,4.0,112.0,0.0,112.0,3.0,0.4428917686776068,22.289096781482257
673,4.0,113.0,0.0,113.0,3.0,0.5323964260617841,22.82149320754404
674,4.0,114.0,0.0,114.0,3.0,0.3243742907775188,23.14586749832156
675,4.0,115.0,0.0,115.0,3.0,0.06535122389044981,23.21121872221201
676,4.0,116.0,0.0,116.0,3.0,0.6037909640988058,23.815009686310816
677,4.0,117.0,0.0,117.0,3.0,0.01093610156841467,23.82594578787923
678,4.0,118.0,0.0,118.0,3.0,0.33252020780814445,24.158465995687376
679,4.0,119.0,0.0,119.0,3.0,0.14262257706747103,24.301088572754846
680,4.0,120.0,0.0,120.0,3.0,0.12552160856459102,24.426610181319436
681,4.0,121.0,0.0,121.0,3.0,0.039500753302137065,24.46611093462157
682,4.0,122.0,0.0,122.0,1.0,0.21449789068143152,24.680608825303004
683,4.0,123.0,0.0,123.0,3.0,0.000277784185707296,24.680886609488713
684,4.0,124.0,0.0,124.0,7.0,0.19225810619006067,24.873144715678773
685,4.0,125.0,0.0,125.0,5.0,0.08967254872475543,24.96281726440353
686,4.0,126.0,0.0,126.0,2.0,0.4950900295524391,25.45790729395597
687,4.0,127.0,0.0,127.0,2.0,0.11106728993140164,25.56897458388737
688,4.0,128.0,0.0,128.0,2.0,0.6072653391181285,26.1762399230055
689,4.0,129.0,0.0,129.0,2.0,0.167846146201483,26.344086069206984
690,4.0,130.0,0.0,130.0,2.0,0.46325287265244475,26.807338941859427
691,4.0,131.0,0.0,131.0,2.0,0.0,26.807338941859427
692,4.0,132.0,0.0,132.0,2.0,0.19379850617074731,27.001137448030175
693,4.0,133.0,0.0,133.0,2.0,0.3137198501461383,27.314857298176314
694,4.0,134.0,0.0,134.0,2.0,0.29468388501119697,27.60954118318751
695,4.0,135.0,0.0,135.0,2.0,0.31884232372441024,27.92838350691192
696,4.0,136.0,0.0,136.0,2.0,0.1408929050133777,28.069276411925298
697,4.0,137.0,0.0,137.0,2.0,0.21720082841308527,28.28647724033838
698,4.0,138.0,0.0,138.0,2.0,0.16143323986137545,28.447910480199756
699,4.0,139.0,0.0,139.0,2.0,0.0,28.447910480199756
700,5.0,0.0,0.0,0.0,0.0,0.16618909309878607,0.16618909309878607
701,5.0,1.0,0.0,1.0,1.0,0.08092380836476576,0.24711290146355183
702,5.0,2.0,0.0,2.0,2.0,0.007089377192769797,0.2542022786563216
703,5.0,3.0,0.0,3.0,3.0,0.14605332867095058,0.40025560732727217
704,5.0,4.0,0.0,4.0,4.0,0.17811213780727464,0.5783677451345468
705,5.0,5.0,0.0,5.0,5.0,0.30231705902321615,0.880684804157763
706,5.0,6.0,0.0,6.0,6.0,0.17855568115814072,1.0592404853159036
707,5.0,7.0,0.0,7.0,7.0,0.0,1.0592404853159036
708,5.0,8.0,0.0,8.0,5.0,0.06494702491023795,1.1241875102261416
709,5.0,9.0,0.0,9.0,6.0,0.26791995066870783,1.3921074608948494
710,5.0,10.0,0.0,10.0,4.0,0.6040817847889773,1.9961892456838268
711,5.0,11.0,0.0,11.0,4.0,0.5397112951483544,2.535900540832181
712,5.0,12.0,0.0,12.0,4.0,0.04037284908275853,2.5762733899149395
713,5.0,13.0,0.0,13.0,0.0,0.35165859714334524,2.927931987058285
714,5.0,14.0,0.0,14.0,3.0,0.14743265178701584,3.0753646388453006
715,5.0,15.0,0.0,15.0,0.0,0.23348645936650425,3.3088510982118047
716,5.0,16.0,0.0,16.0,4.0,0.2878930335604732,3.5967441317722777
717,5.0,17.0,0.0,17.0,1.0,0.3199343566309496,3.9166784884032273
718,5.0,18.0,0.0,18.0,6.0,0.03953845158624381,3.956216939989471
719,5.0,19.0,0.0,19.0,1.0,0.383414516763809,4.33963145675328
720,5.0,20.0,0.0,20.0,4.0,0.008011134042089071,4.3476425907953695
721,5.0,21.0,0.0,21.0,1.0,0.5343480264248001,4.881990617220169
722,5.0,22.0,0.0,22.0,1.0,0.4073430648374814,5.28933368205765
723,5.0,23.0,0.0,23.0,1.0,0.04801065557262607,5.3373443376302765
724,5.0,24.0,0.0,24.0,0.0,0.5273660099651394,5.864710347595416
725,5.0,25.0,0.0,25.0,0.0,0.4031947684776372,6.267905116073053
726,5.0,26.0,0.0,26.0,0.0,0.0,6.267905116073053
727,5.0,27.0,0.0,27.0,5.0,0.6620225966811486,6.929927712754202
728,5.0,28.0,0.0,28.0,5.0,0.07921521180664803,7.00914292456085
729,5.0,29.0,0.0,29.0,5.0,0.2259722208135178,7.235115145374368
730,5.0,30.0,0.0,30.0,2.0,0.02879365088971879,7.2639087962640865
731,5.0,31.0,0.0,31.0,3.0,0.3713754100216008,7.635284206285688
732,5.0,32.0,0.0,32.0,3.0,0.4726125172750508,8.107896723560739
733,5.0,33.0,0.0,33.0,3.0,0.02796809792261155,8.13586482148335
734,5.0,34.0,0.0,34.0,7.0,0.01559346948534281,8.151458290968693
735,5.0,35.0,0.0,35.0,1.0,0.13138210979134832,8.28284040076004
736,5.0,36.0,0.0,36.0,5.0,0.08403764844838096,8.366878049208422
737,5.0,37.0,0.0,37.0,0.0,0.34784656234435596,8.714724611552779
738,5.0,38.0,0.0,38.0,4.0,0.06559005135767661,8.780314662910456
739,5.0,39.0,0.0,39.0,0.0,0.7270351195516672,9.507349782462123
740,5.0,40.0,0.0,40.0,0.0,0.2565520188099114,9.763901801272034
741,5.0,41.0,0.0,41.0,0.0,0.17217975780235714,9.936081559074392
742,5.0,42.0,0.0,42.0,0.0,0.3956023638777503,10.331683922952141
743,5.0,43.0,0.0,43.0,0.0,0.3450279049898407,10.676711827941983
744,5.0,44.0,0.0,44.0,0.0,0.03302274913670844,10.709734577078692
745,5.0,45.0,0.0,45.0,1.0,0.0532103929831422,10.762944970061834
746,5.0,46.0,0.0,46.0,3.0,0.0933930748316743,10.856338044893509
747,5.0,47.0,0.0,47.0,6.0,0.0,10.856338044893509
748,5.0,48.0,0.0,48.0,0.0,0.1542195555496385,11.010557600443146
749,5.0,49.0,0.0,49.0,5.0,0.02758954293072118,11.038147143373868
750,5.0,50.0,0.0,50.0,4.0,0.0648833256771874,11.103030469051054
751,5.0,51.0,0.0,51.0,0.0,0.06632467180186101,11.169355140852915
752,5.0,52.0,0.0,52.0,1.0,0.31566792115570425,11.485023062008619
753,5.0,53.0,0.0,53.0,1.0,0.2822886641312422,11.76731172613986
754,5.0,54.0,0.0,54.0,3.0,0.6100299838238046,12.377341709963666
755,5.0,55.0,0.0,55.0,3.0,0.3133829150555453,12.690724625019211
756,5.0,56.0,0.0,56.0,3.0,0.0,12.690724625019211
757,5.0,57.0,0.0,57.0,1.0,0.3464590635935363,13.037183688612748
758,5.0,58.0,0.0,58.0,1.0,0.14733316898842697,13.184516857601174
759,5.0,59.0,0.0,59.0,3.0,0.5319303878941578,13.716447245495333
760,5.0,60.0,0.0,60.0,3.0,0.014318224206929195,13.730765469702263
761,5.0,61.0,0.0,61.0,0.0,0.025254043847299602,13.756019513549562
762,5.0,62.0,0.0,62.0,4.0,0.377725862835473,14.133745376385034
763,5.0,63.0,0.0,63.0,4.0,0.43764040417875255,14.571385780563787
764,5.0,64.0,0.0,64.0,4.0,0.16440378106671458,14.735789561630503
765,5.0,65.0,0.0,65.0,4.0,0.16890862150680663,14.90469818313731
766,5.0,66.0,0.0,66.0,3.0,0.6516047282737872,15.556302911411096
767,5.0,67.0,0.0,67.0,3.0,0.11779116665499116,15.674094078066087
768,5.0,68.0,0.0,68.0,3.0,0.01944508814150424,15.693539166207591
769,5.0,69.0,0.0,69.0,1.0,0.08573508818235633,15.779274254389948
770,5.0,70.0,0.0,70.0,5.0,0.07872299317234012,15.857997247562288
771,5.0,71.0,0.0,71.0,4.0,0.42746871781888046,16.285465965381167
772,5.0,72.0,0.0,72.0,4.0,0.06553331391394378,16.35099927929511
773,5.0,73.0,0.0,73.0,0.0,0.03578610381316544,16.386785383108275
774,5.0,74.0,0.0,74.0,3.0,0.022432054264941964,16.40921743737322
775,5.0,75.0,0.0,75.0,1.0,0.38537323659371014,16.79459067396693
776,5.0,76.0,0.0,76.0,1.0,0.3134025694737033,17.10799324344063
777,5.0,77.0,0.0,77.0,1.0,0.04656298727633132,17.154556230716963
778,5.0,78.0,0.0,78.0,4.0,0.03869836792140025,17.193254598638365
779,5.0,79.0,0.0,79.0,6.0,0.4644974556544296,17.657752054292796
780,5.0,80.0,0.0,80.0,6.0,0.0,17.657752054292796
781,5.0,81.0,0.0,81.0,2.0,0.16762998011328342,17.82538203440608
782,5.0,82.0,0.0,82.0,0.0,0.16495201288668965,17.99033404729277
783,5.0,83.0,0.0,83.0,1.0,0.3788668394961998,18.36920088678897
784,5.0,84.0,0.0,84.0,1.0,0.17692981544432004,18.54613070223329
785,5.0,85.0,0.0,85.0,5.0,0.09312531039497013,18.639256012628262
786,5.0,86.0,0.0,86.0,3.0,0.0024121683365141188,18.641668180964775
787,5.0,87.0,0.0,87.0,1.0,0.654412281641712,19.296080462606486
788,5.0,88.0,0.0,88.0,1.0,0.08497973653233551,19.381060199138822
789,5.0,89.0,0.0,89.0,1.0,0.35148675144466884,19.73254695058349
790,5.0,90.0,0.0,90.0,1.0,0.3483278760482991,20.08087482663179
791,5.0,91.0,0.0,91.0,1.0,0.5794320930732864,20.660306919705075
792,5.0,92.0,0.0,92.0,1.0,0.31533353340167364,20.97564045310675
793,5.0,93.0,0.0,93.0,1.0,0.3863889871859771,21.362029440292726
794,5.0,94.0,0.0,94.0,1.0,0.017200346948741663,21.379229787241467
795,5.0,95.0,0.0,95.0,1.0,0.37094398301311443,21.75017377025458
796,5.0,96.0,0.0,96.0,1.0,0.36661025622261645,22.116784026477198
797,5.0,97.0,0.0,97.0,1.0,0.20319963920477613,22.319983665681974
798,5.0,98.0,0.0,98.0,1.0,0.32324663693699807,22.64323030261897
799,5.0,99.0,0.0,99.0,1.0,0.27976369788904215,22.922994000508012
800,5.0,100.0,0.0,100.0,1.0,0.34142634122192306,23.264420341729934
801,5.0,101.0,0.0,101.0,1.0,0.4172099748934157,23.68163031662335
802,5.0,102.0,0.0,102.0,1.0,0.7245698438725197,24.40620016049587
803,5.0,103.0,0.0,103.0,1.0,0.3030219381449725,24.709222098640844
804,5.0,104.0,0.0,104.0,1.0,0.4662142154143736,25.17543631405522
805,5.0,105.0,0.0,105.0,1.0,0.028497860210415307,25.203934174265633
806,5.0,106.0,0.0,106.0,1.0,0.6691009972127725,25.873035171478406
807,5.0,107.0,0.0,107.0,1.0,0.003296229495441463,25.876331400973847
808,5.0,108.0,0.0,108.0,1.0,0.6542103630289325,26.53054176400278
809,5.0,109.0,0.0,109.0,1.0,0.021621790664625867,26.552163554667406
810,5.0,110.0,0.0,110.0,1.0,0.3862155377413435,26.93837909240875
811,5.0,111.0,0.0,111.0,1.0,0.3398189277441016,27.27819802015285
812,5.0,112.0,0.0,112.0,1.0,0.392238035892527,27.670436056045375
813,5.0,113.0,0.0,113.0,1.0,0.029973519654664237,27.70040957570004
814,5.0,114.0,0.0,114.0,1.0,0.1861023427049756,27.886511918405017
815,5.0,115.0,0.0,115.0,1.0,0.04897398908866763,27.935485907493685
816,5.0,116.0,0.0,116.0,1.0,0.32837037886638354,28.26385628636007
817,5.0,117.0,0.0,117.0,1.0,0.18180630230801578,28.445662588668085
818,5.0,118.0,0.0,118.0,0.0,0.10975786537946007,28.555420454047546
819,5.0,119.0,0.0,119.0,6.0,0.130820518685841,28.686240972733387
820,5.0,120.0,0.0,120.0,1.0,0.9823277450132346,29.66856871774662
821,5.0,121.0,0.0,121.0,1.0,0.044964100235218254,29.71353281798184
822,5.0,122.0,0.0,122.0,1.0,0.5390281446369886,30.252560962618826
823,5.0,123.0,0.0,123.0,1.0,0.05419086489076534,30.30675182750959
824,5.0,124.0,0.0,124.0,1.0,0.5164853491375729,30.82323717664716
825,5.0,125.0,0.0,125.0,1.0,0.03130230391232533,30.854539480559488
826,5.0,126.0,0.0,126.0,1.0,0.48961674867172256,31.34415622923121
827,5.0,127.0,0.0,127.0,1.0,0.5406796894962645,31.884835918727475
828,5.0,128.0,0.0,128.0,1.0,0.5662876065120417,32.45112352523952
829,5.0,129.0,0.0,129.0,1.0,0.13383700467367501,32.58496052991319
830,5.0,130.0,0.0,130.0,1.0,0.1675656573307157,32.7525261872439
831,5.0,131.0,0.0,131.0,1.0,0.2995162898143746,33.05204247705828
832,5.0,132.0,0.0,132.0,1.0,0.0015697424716224282,33.0536122195299
833,5.0,133.0,0.0,133.0,1.0,0.05302494627507703,33.10663716580498
834,5.0,134.0,0.0,134.0,7.0,0.5916369926817282,33.69827415848671
835,5.0,135.0,0.0,135.0,7.0,0.0203553048887549,33.718629463375464
836,5.0,136.0,0.0,136.0,7.0,0.14489520251600083,33.86352466589147
837,5.0,137.0,0.0,137.0,7.0,0.0,33.86352466589147
838,5.0,138.0,0.0,138.0,4.0,0.2585952751758203,34.12211994106729
839,5.0,139.0,0.0,139.0,1.0,0.6930308683884588,34.81515080945575
840,6.0,0.0,0.0,0.0,0.0,0.4963453209457594,0.4963453209457594
841,6.0,1.0,0.0,1.0,1.0,0.08573508818235633,0.5820804091281158
842,6.0,2.0,0.0,2.0,2.0,0.11473558234460424,0.69681599147272
843,6.0,3.0,0.0,3.0,3.0,0.0,0.69681599147272
844,6.0,4.0,0.0,4.0,4.0,0.8334951423710854,1.5303111338438053
845,6.0,5.0,0.0,5.0,5.0,0.2500113597659176,1.7803224936097228
846,6.0,6.0,0.0,6.0,6.0,0.030951351857419575,1.8112738454671424
847,6.0,7.0,0.0,7.0,7.0,0.13235348704930588,1.9436273325164484
848,6.0,8.0,0.0,8.0,4.0,0.11801936030549047,2.061646692821939
849,6.0,9.0,0.0,9.0,0.0,0.041528351208395736,2.1031750440303347
850,6.0,10.0,0.0,10.0,4.0,0.5272305510936458,2.6304055951239804
851,6.0,11.0,0.0,11.0,4.0,0.03389566774293166,2.6643012628669123
852,6.0,12.0,0.0,12.0,5.0,0.6493608272900873,3.3136620901569995
853,6.0,13.0,0.0,13.0,5.0,0.11448445765801737,3.428146547815017
854,6.0,14.0,0.0,14.0,7.0,0.00733430921274233,3.435480857027759
855,6.0,15.0,0.0,15.0,4.0,0.08750738810528734,3.5229882451330465
856,6.0,16.0,0.0,16.0,5.0,0.2259722208135178,3.7489604659465643
857,6.0,17.0,0.0,17.0,0.0,0.5461419457596527,4.295102411706217
858,6.0,18.0,0.0,18.0,0.0,0.035824902184889644,4.330927313891106
859,6.0,19.0,0.0,19.0,2.0,0.206749237626938,4.537676551518044
860,6.0,20.0,0.0,20.0,1.0,0.6071154341838231,5.144791985701867
861,6.0,21.0,0.0,21.0,1.0,0.3557061621973901,5.500498147899258
862,6.0,22.0,0.0,22.0,1.0,0.016286005375207163,5.516784153274465
863,6.0,23.0,0.0,23.0,5.0,0.30677024590946006,5.823554399183925
864,6.0,24.0,0.0,24.0,4.0,0.01425123954797833,5.837805638731903
865,6.0,25.0,0.0,25.0,5.0,0.29863921887097367,6.136444857602877
866,6.0,26.0,0.0,26.0,6.0,0.008208884277021228,6.144653741879898
867,6.0,27.0,0.0,27.0,0.0,0.14062303434076653,6.285276776220664
868,6.0,28.0,0.0,28.0,1.0,0.48708911527827053,6.772365891498935
869,6.0,29.0,0.0,29.0,1.0,0.012041312767766843,6.784407204266702
870,6.0,30.0,0.0,30.0,2.0,0.15821673400474154,6.942623938271444
871,6.0,31.0,0.0,31.0,5.0,0.007053241157482226,6.949677179428926
872,6.0,32.0,0.0,32.0,3.0,0.10921179021250944,7.058888969641436
873,6.0,33.0,0.0,33.0,0.0,0.24815083186608086,7.307039801507517
874,6.0,34.0,0.0,34.0,4.0,0.03964088088835604,7.346680682395873
875,6.0,35.0,0.0,35.0,1.0,0.026055395317088323,7.372736077712961
876,6.0,36.0,0.0,36.0,0.0,0.4280129156279463,7.800748993340908
877,6.0,37.0,0.0,37.0,0.0,0.0,7.800748993340908
878,6.0,38.0,0.0,38.0,5.0,0.559961443363029,8.360710436703936
879,6.0,39.0,0.0,39.0,5.0,0.10934524125696578,8.470055677960902
880,6.0,40.0,0.0,40.0,2.0,0.03242708362305406,8.502482761583956
881,6.0,41.0,0.0,41.0,5.0,0.027622229872736704,8.530104991456692
882,6.0,42.0,0.0,42.0,4.0,0.2080284807477787,8.73813347220447
883,6.0,43.0,0.0,43.0,7.0,0.09447129800057376,8.832604770205045
884,6.0,44.0,0.0,44.0,0.0,0.27077805531966453,9.10338282552471
885,6.0,45.0,0.0,45.0,1.0,0.38201025563363156,9.48539308115834
886,6.0,46.0,0.0,46.0,1.0,0.3478382166061331,9.833231297764474
887,6.0,47.0,0.0,47.0,1.0,0.04656298727633132,9.879794285040806
888,6.0,48.0,0.0,48.0,5.0,0.017815458759380124,9.897609743800185
889,6.0,49.0,0.0,49.0,0.0,0.3251144647803483,10.222724208580534
890,6.0,50.0,0.0,50.0,0.0,0.09693946666258556,10.319663675243119
891,6.0,51.0,0.0,51.0,4.0,0.031660882973198315,10.351324558216318
892,6.0,52.0,0.0,52.0,3.0,0.04221673930754873,10.393541297523866
893,6.0,53.0,0.0,53.0,1.0,0.5794320930732864,10.972973390597152
894,6.0,54.0,0.0,54.0,1.0,0.15910422077666525,11.132077611373818
895,6.0,55.0,0.0,55.0,1.0,0.0572116515295082,11.189289262903326
896,6.0,56.0,0.0,56.0,0.0,0.4378933611616879,11.627182624065014
897,6.0,57.0,0.0,57.0,0.0,0.0612853280716198,11.688467952136634
898,6.0,58.0,0.0,58.0,5.0,0.0071610687907199735,11.695629020927354
899,6.0,59.0,0.0,59.0,1.0,0.26657687987422063,11.962205900801575
900,6.0,60.0,0.0,60.0,0.0,0.33797537106527303,12.300181271866848
901,6.0,61.0,0.0,61.0,0.0,0.0,12.300181271866848
902,6.0,62.0,0.0,62.0,1.0,0.6962615989690473,12.996442870835894
903,6.0,63.0,0.0,63.0,1.0,0.36661025622261645,13.36305312705851
904,6.0,64.0,0.0,64.0,1.0,0.10183010161870484,13.464883228677214
905,6.0,65.0,0.0,65.0,1.0,0.6742161866635077,14.139099415340722
906,6.0,66.0,0.0,66.0,1.0,0.06931532707676168,14.208414742417483
907,6.0,67.0,0.0,67.0,1.0,0.6220348736271927,14.830449616044676
908,6.0,68.0,0.0,68.0,1.0,0.1662554279417078,14.996705043986385
909,6.0,69.0,0.0,69.0,1.0,0.0,14.996705043986385
910,6.0,70.0,0.0,70.0,1.0,0.3560582717669506,15.352763315753336
911,6.0,71.0,0.0,71.0,1.0,0.5839103531077839,15.93667366886112
912,6.0,72.0,0.0,72.0,1.0,0.32987996381326895,16.266553632674388
913,6.0,73.0,0.0,73.0,1.0,0.06356081003826333,16.330114442712652
914,6.0,74.0,0.0,74.0,1.0,0.05953055756968403,16.389645000282336
915,6.0,75.0,0.0,75.0,2.0,0.14291802177756344,16.5325630220599
916,6.0,76.0,0.0,76.0,4.0,0.30641928005524055,16.83898230211514
917,6.0,77.0,0.0,77.0,4.0,0.28471609925097796,17.12369840136612
918,6.0,78.0,0.0,78.0,4.0,0.018778715231656813,17.142477116597778
919,6.0,79.0,0.0,79.0,1.0,0.29253223639626624,17.435009352994044
920,6.0,80.0,0.0,80.0,1.0,0.1594821582760066,17.59449151127005
921,6.0,81.0,0.0,81.0,6.0,0.4429042432955109,18.037395754565562
922,6.0,82.0,0.0,82.0,6.0,0.0,18.037395754565562
923,6.0,83.0,0.0,83.0,6.0,0.20516426704620142,18.242560021611762
924,6.0,84.0,0.0,84.0,1.0,0.0,18.242560021611762
925,6.0,85.0,0.0,85.0,7.0,0.0,18.242560021611762
926,6.0,86.0,0.0,86.0,6.0,0.04997847514167579,18.292538496753437
927,6.0,87.0,0.0,87.0,0.0,0.35670480365038026,18.649243300403818
928,6.0,88.0,0.0,88.0,0.0,0.06797022573139991,18.717213526135218
929,6.0,89.0,0.0,89.0,5.0,0.05936454848674516,18.776578074621963
930,6.0,90.0,0.0,90.0,1.0,0.31662679208220096,19.093204866704163
931,6.0,91.0,0.0,91.0,1.0,0.20212284145815018,19.29532770816231
932,6.0,92.0,0.0,92.0,2.0,0.01373933131486279,19.309067039477174
933,6.0,93.0,0.0,93.0,1.0,0.06799664772166969,19.377063687198845
934,6.0,94.0,0.0,94.0,4.0,0.24733267686805138,19.624396364066897
935,6.0,95.0,0.0,95.0,4.0,0.4724512447176602,20.096847608784557
936,6.0,96.0,0.0,96.0,4.0,0.015263167443632708,20.11211077622819
937,6.0,97.0,0.0,97.0,0.0,0.08642263538205842,20.198533411610246
938,6.0,98.0,0.0,98.0,1.0,0.4727603760846626,20.671293787694907
939,6.0,99.0,0.0,99.0,1.0,0.6880350793617765,21.359328867056682
940,6.0,100.0,0.0,100.0,1.0,0.3419960775547441,21.701324944611425
941,6.0,101.0,0.0,101.0,1.0,0.3770289091747375,22.07835385378616
942,6.0,102.0,0.0,102.0,1.0,0.04632103050748722,22.12467488429365
943,6.0,103.0,0.0,103.0,1.0,0.049510066966541116,22.17418495126019
944,6.0,104.0,0.0,104.0,1.0,0.5136691651052001,22.68785411636539
945,6.0,105.0,0.0,105.0,1.0,0.44805026331754516,23.135904379682934
946,6.0,106.0,0.0,106.0,1.0,0.0,23.135904379682934
947,6.0,107.0,0.0,107.0,1.0,0.15318738918882743,23.28909176887176
948,6.0,108.0,0.0,108.0,1.0,0.3590281371067042,23.648119905978465
949,6.0,109.0,0.0,109.0,1.0,0.21409866007154515,23.86221856605001
950,6.0,110.0,0.0,110.0,1.0,0.5164853491375729,24.378703915187582
951,6.0,111.0,0.0,111.0,1.0,0.32895809594637543,24.70766201113396
952,6.0,112.0,0.0,112.0,1.0,0.24698451568998586,24.954646526823943
953,6.0,113.0,0.0,113.0,1.0,0.026261474554698277,24.98090800137864
954,6.0,114.0,0.0,114.0,4.0,0.3499311423483544,25.330839143726994
955,6.0,115.0,0.0,115.0,4.0,0.09868692179793309,25.42952606552493
956,6.0,116.0,0.0,116.0,1.0,0.6023531824144372,26.031879247939365
957,6.0,117.0,0.0,117.0,1.0,0.0,26.031879247939365
958,6.0,118.0,0.0,118.0,1.0,0.3423729374319084,26.374252185371272
959,6.0,119.0,0.0,119.0,1.0,0.48638586482395135,26.860638050195224
960,6.0,120.0,0.0,120.0,1.0,0.040884656058680725,26.901522706253903
961,6.0,121.0,0.0,121.0,1.0,0.13383700467367501,27.03535971092758
962,6.0,122.0,0.0,122.0,5.0,0.08842301040128525,27.123782721328865
963,6.0,123.0,0.0,123.0,3.0,0.26637479643791023,27.390157517766777
964,6.0,124.0,0.0,124.0,3.0,0.47530050663541096,27.865458024402187
965,6.0,125.0,0.0,125.0,3.0,0.026438246471993353,27.89189627087418
966,6.0,126.0,0.0,126.0,3.0,0.0186075842925227,27.910503855166702
967,6.0,127.0,0.0,127.0,1.0,0.43348598450796716,28.34398983967467
968,6.0,128.0,0.0,128.0,1.0,0.13265080556322817,28.476640645237897
969,6.0,129.0,0.0,129.0,0.0,0.2422912656948923,28.71893191093279
970,6.0,130.0,0.0,130.0,1.0,0.1442503350823027,28.86318224601509
971,6.0,131.0,0.0,131.0,4.0,0.15612039280050072,29.01930263881559
972,6.0,132.0,0.0,132.0,0.0,0.38305939045110826,29.402362029266698
973,6.0,133.0,0.0,133.0,0.0,0.5518960180090993,29.954258047275797
974,6.0,134.0,0.0,134.0,0.0,0.3581459095830388,30.312403956858837
975,6.0,135.0,0.0,135.0,0.0,0.37346147986581757,30.685865436724654
976,6.0,136.0,0.0,136.0,0.0,0.0,30.685865436724654
977,6.0,137.0,0.0,137.0,0.0,0.1388784464460981,30.824743883170754
978,6.0,138.0,0.0,138.0,0.0,0.04517728564096189,30.869921168811715
979,6.0,139.0,0.0,139.0,1.0,0.17508413888684032,31.045005307698556
980,7.0,0.0,0.0,0.0,0.0,0.020573985131860085,0.020573985131860085
981,7.0,1.0,0.0,1.0,1.0,0.43903405518018807,0.45960804031204816
982,7.0,2.0,0.0,2.0,2.0,0.5560620598625674,1.0156701001746156
983,7.0,3.0,0.0,3.0,3.0,0.5508078666007055,1.566477966775321
984,7.0,4.0,0.0,4.0,4.0,0.056553080760859575,1.6230310475361807
985,7.0,5.0,0.0,5.0,5.0,0.03998705881701109,1.6630181063531917
986,7.0,6.0,0.0,6.0,6.0,0.06850083908521518,1.7315189454384068
987,7.0,7.0,0.0,7.0,7.0,0.013376348389673588,1.7448952938280804
988,7.0,8.0,0.0,8.0,2.0,0.013663413254463273,1.7585587070825437
989,7.0,9.0,0.0,9.0,3.0,0.2508898342866794,2.009448541369223
990,7.0,10.0,0.0,10.0,1.0,0.09443533725062055,2.1038838786198437
991,7.0,11.0,0.0,11.0,3.0,0.04820411216443798,2.1520879907842816
992,7.0,12.0,0.0,12.0,2.0,0.1935150461606615,2.345603036944943
993,7.0,13.0,0.0,13.0,1.0,0.5404616020839541,2.8860646390288975
994,7.0,14.0,0.0,14.0,1.0,0.2962955575494932,3.182360196578391
995,7.0,15.0,0.0,15.0,1.0,0.0,3.182360196578391
996,7.0,16.0,0.0,16.0,3.0,0.21393848202148516,3.396298678599876
997,7.0,17.0,0.0,17.0,6.0,0.1757479470024411,3.5720466256023173
998,7.0,18.0,0.0,18.0,4.0,0.724695539322942,4.296742164925259
999,7.0,19.0,0.0,19.0,4.0,0.026860616765941474,4.323602781691201
1000,7.0,20.0,0.0,20.0,4.0,0.5478952553587333,4.871498037049934
1001,7.0,21.0,0.0,21.0,4.0,0.2973247412621864,5.16882277831212
1002,7.0,22.0,0.0,22.0,4.0,0.37997801540141657,5.548800793713537
1003,7.0,23.0,0.0,23.0,2.0,0.34939515271504784,5.898195946428585
1004,7.0,24.0,0.0,24.0,4.0,0.08808610239945658,5.986282048828041
1005,7.0,25.0,0.0,25.0,5.0,0.24946942627541588,6.2357514751034575
1006,7.0,26.0,0.0,26.0,2.0,0.05125615436130209,6.287007629464759
1007,7.0,27.0,0.0,27.0,0.0,0.18051326919121366,6.467520898655973
1008,7.0,28.0,0.0,28.0,3.0,0.043473011054234637,6.510993909710208
1009,7.0,29.0,0.0,29.0,7.0,0.08539416891336264,6.59638807862357
1010,7.0,30.0,0.0,30.0,5.0,0.0691384084117212,6.665526487035291
1011,7.0,31.0,0.0,31.0,1.0,0.13383700467367501,6.7993634917089665
1012,7.0,32.0,0.0,32.0,4.0,0.03865849065377365,6.83802198236274
1013,7.0,33.0,0.0,33.0,6.0,0.17487334439823102,7.012895326760971
1014,7.0,34.0,0.0,34.0,2.0,0.5607143685432656,7.573609695304237
1015,7.0,35.0,0.0,35.0,2.0,0.10430478838532942,7.677914483689566
1016,7.0,36.0,0.0,36.0,1.0,0.985211241544162,8.663125725233728
1017,7.0,37.0,0.0,37.0,1.0,0.06028274508833754,8.723408470322065
1018,7.0,38.0,0.0,38.0,1.0,0.27236784331373076,8.995776313635796
1019,7.0,39.0,0.0,39.0,1.0,0.15794953324072178,9.153725846876517
1020,7.0,40.0,0.0,40.0,1.0,0.13138210979134832,9.285107956667865
1021,7.0,41.0,0.0,41.0,0.0,0.1388784464460981,9.423986403113963
1022,7.0,42.0,0.0,42.0,2.0,0.008073573847701106,9.432059976961664
1023,7.0,43.0,0.0,43.0,4.0,0.1487691241930059,9.58082910115467
1024,7.0,44.0,0.0,44.0,3.0,0.6535231893070436,10.234352290461713
1025,7.0,45.0,0.0,45.0,3.0,0.07254066012513888,10.306892950586851
1026,7.0,46.0,0.0,46.0,3.0,0.56544715598864,10.872340106575491
1027,7.0,47.0,0.0,47.0,3.0,0.4124579855728763,11.284798092148367
1028,7.0,48.0,0.0,48.0,3.0,0.02282073838857563,11.307618830536944
1029,7.0,49.0,0.0,49.0,3.0,0.19479025781213619,11.50240908834908
1030,7.0,50.0,0.0,50.0,1.0,0.026055395317088323,11.528464483666168
1031,7.0,51.0,0.0,51.0,6.0,0.43568063183394584,11.964145115500115
1032,7.0,52.0,0.0,52.0,6.0,0.1760969895576781,12.140242105057792
1033,7.0,53.0,0.0,53.0,6.0,0.08672466632778077,12.226966771385573
1034,7.0,54.0,0.0,54.0,3.0,0.6230857819302017,12.850052553315775
1035,7.0,55.0,0.0,55.0,3.0,0.17662825763181442,13.026680810947589
1036,7.0,56.0,0.0,56.0,3.0,0.45484611905581124,13.4815269300034
1037,7.0,57.0,0.0,57.0,3.0,0.13462938447584158,13.616156314479241
1038,7.0,58.0,0.0,58.0,3.0,0.0,13.616156314479241
1039,7.0,59.0,0.0,59.0,4.0,0.2651854032629487,13.88134171774219
1040,7.0,60.0,0.0,60.0,4.0,0.5992003832219663,14.480542100964156
1041,7.0,61.0,0.0,61.0,4.0,0.6206388307139078,15.101180931678064
1042,7.0,62.0,0.0,62.0,4.0,0.47344699569344223,15.574627927371505
1043,7.0,63.0,0.0,63.0,4.0,0.045247464311723794,15.619875391683228
1044,7.0,64.0,0.0,64.0,4.0,0.012550851373828291,15.632426243057056
1045,7.0,65.0,0.0,65.0,4.0,0.0,15.632426243057056
1046,7.0,66.0,0.0,66.0,5.0,0.09156941633830462,15.72399565939536
1047,7.0,67.0,0.0,67.0,2.0,0.013126020272655444,15.737121679668016
1048,7.0,68.0,0.0,68.0,1.0,0.06504088947776152,15.802162569145779
1049,7.0,69.0,0.0,69.0,7.0,0.09333209980037196,15.895494668946151
1050,7.0,70.0,0.0,70.0,0.0,0.13795369021191006,16.03344835915806
1051,7.0,71.0,0.0,71.0,3.0,0.05757863667234,16.0910269958304
1052,7.0,72.0,0.0,72.0,4.0,0.09589222897096208,16.18691922480136
1053,7.0,73.0,0.0,73.0,6.0,0.05067743262789972,16.23759665742926
1054,7.0,74.0,0.0,74.0,1.0,0.3560582717669506,16.593654929196212
1055,7.0,75.0,0.0,75.0,1.0,0.0,16.593654929196212
1056,7.0,76.0,0.0,76.0,3.0,0.4925189412642006,17.086173870460414
1057,7.0,77.0,0.0,77.0,3.0,0.4282158352893224,17.514389705749736
1058,7.0,78.0,0.0,78.0,3.0,0.44880546110800557,17.96319516685774
1059,7.0,79.0,0.0,79.0,3.0,0.021807258121271676,17.98500242497901
1060,7.0,80.0,0.0,80.0,3.0,0.025981800905873684,18.010984225884886
1061,7.0,81.0,0.0,81.0,4.0,0.657243046497907,18.668227272382794
1062,7.0,82.0,0.0,82.0,4.0,0.00744099948213457,18.67566827186493
1063,7.0,83.0,0.0,83.0,4.0,0.8140867895729436,19.489755061437872
1064,7.0,84.0,0.0,84.0,4.0,0.06663418873553965,19.55638925017341
1065,7.0,85.0,0.0,85.0,4.0,0.004158246185565013,19.560547496358975
1066,7.0,86.0,0.0,86.0,4.0,0.06374665163723896,19.624294147996213
1067,7.0,87.0,0.0,87.0,3.0,0.5851183801786491,20.209412528174862
1068,7.0,88.0,0.0,88.0,3.0,0.07749736360744947,20.28690989178231
1069,7.0,89.0,0.0,89.0,3.0,0.18282011369400217,20.469730005476315
1070,7.0,90.0,0.0,90.0,2.0,0.02961023762476305,20.499340243101077
1071,7.0,91.0,0.0,91.0,3.0,0.044199258646075344,20.54353950174715
1072,7.0,92.0,0.0,92.0,0.0,0.013055701434756246,20.556595203181907
1073,7.0,93.0,0.0,93.0,4.0,0.4931978846270723,21.04979308780898
1074,7.0,94.0,0.0,94.0,4.0,0.5272305510936458,21.577023638902624
1075,7.0,95.0,0.0,95.0,4.0,0.017946946501760784,21.594970585404386
1076,7.0,96.0,0.0,96.0,4.0,0.3261718412074511,21.921142426611837
1077,7.0,97.0,0.0,97.0,4.0,0.02995423110841009,21.951096657720246
1078,7.0,98.0,0.0,98.0,1.0,0.34403202438617386,22.29512868210642
1079,7.0,99.0,0.0,99.0,1.0,0.3756603470217529,22.670789029128173
1080,7.0,100.0,0.0,100.0,1.0,0.045235240501859356,22.716024269630033
1081,7.0,101.0,0.0,101.0,5.0,0.14760191371097295,22.863626183341005
1082,7.0,102.0,0.0,102.0,4.0,0.05592432112388458,22.91955050446489
1083,7.0,103.0,0.0,103.0,3.0,0.06524571888052413,22.984796223345416
1084,7.0,104.0,0.0,104.0,1.0,0.5335828173044669,23.518379040649883
1085,7.0,105.0,0.0,105.0,1.0,0.21409866007154515,23.73247770072143
1086,7.0,106.0,0.0,106.0,1.0,0.1557820487590827,23.88825974948051
1087,7.0,107.0,0.0,107.0,1.0,0.509351906122215,24.397611655602727
1088,7.0,108.0,0.0,108.0,1.0,0.3862155377413435,24.78382719334407
1089,7.0,109.0,0.0,109.0,1.0,0.07974648753185236,24.863573680875923
1090,7.0,110.0,0.0,110.0,1.0,0.6220348736271927,25.485608554503116
1091,7.0,111.0,0.0,111.0,1.0,0.36139034423590183,25.846998898739017
1092,7.0,112.0,0.0,112.0,1.0,0.3096424935793812,26.1566413923184
1093,7.0,113.0,0.0,113.0,1.0,0.2261027947748059,26.382744187093206
1094,7.0,114.0,0.0,114.0,1.0,0.6082831113491785,26.991027298442383
1095,7.0,115.0,0.0,115.0,1.0,0.022747683458323183,27.013774981900706
1096,7.0,116.0,0.0,116.0,1.0,0.036808587092669896,27.050583568993375
1097,7.0,117.0,0.0,117.0,1.0,0.40305039094364914,27.453633959937022
1098,7.0,118.0,0.0,118.0,1.0,0.6682133379976478,28.12184729793467
1099,7.0,119.0,0.0,119.0,1.0,0.6880350793617765,28.809882377296447
1100,7.0,120.0,0.0,120.0,1.0,0.05154376426258303,28.86142614155903
1101,7.0,121.0,0.0,121.0,1.0,0.3276109253863744,29.189037066945403
1102,7.0,122.0,0.0,122.0,1.0,0.2750481777666194,29.464085244712024
1103,7.0,123.0,0.0,123.0,1.0,0.535244258738865,29.999329503450888
1104,7.0,124.0,0.0,124.0,1.0,0.5615750902320042,30.560904593682892
1105,7.0,125.0,0.0,125.0,1.0,0.5491942525268906,31.110098846209784
1106,7.0,126.0,0.0,126.0,1.0,0.5609296484058691,31.67102849461565
1107,7.0,127.0,0.0,127.0,1.0,0.0506118389218005,31.72164033353745
1108,7.0,128.0,0.0,128.0,1.0,0.0,31.72164033353745
1109,7.0,129.0,0.0,129.0,1.0,0.09965638010413455,31.821296713641587
1110,7.0,130.0,0.0,130.0,1.0,0.007402715394722676,31.82869942903631
1111,7.0,131.0,0.0,131.0,1.0,0.002305663962819553,31.831005092999128
1112,7.0,132.0,0.0,132.0,1.0,0.41524711521809976,32.24625220821723
1113,7.0,133.0,0.0,133.0,1.0,0.6901308317043309,32.93638303992156
1114,7.0,134.0,0.0,134.0,1.0,0.1240409983914944,33.06042403831305
1115,7.0,135.0,0.0,135.0,1.0,0.07829376355647938,33.13871780186953
1116,7.0,136.0,0.0,136.0,1.0,0.011586073300607258,33.15030387517014
1117,7.0,137.0,0.0,137.0,6.0,0.048844731970072566,33.19914860714021
1118,7.0,138.0,0.0,138.0,1.0,0.4001127235481598,33.59926133068837
1119,7.0,139.0,0.0,139.0,1.0,0.10013208836255716,33.69939341905093
1120,8.0,0.0,0.0,0.0,0.0,0.03798618661318432,0.03798618661318432
1121,8.0,1.0,0.0,1.0,1.0,0.5463756390390827,0.584361825652267
1122,8.0,2.0,0.0,2.0,2.0,0.035445386597572626,0.6198072122498397
1123,8.0,3.0,0.0,3.0,3.0,0.2342178907106917,0.8540251029605315
1124,8.0,4.0,0.0,4.0,4.0,0.03389566774293166,0.8879207707034631
1125,8.0,5.0,0.0,5.0,5.0,0.15247588739258122,1.0403966580960442
1126,8.0,6.0,0.0,6.0,6.0,0.44825741353644966,1.4886540716324939
1127,8.0,7.0,0.0,7.0,7.0,0.01150014788808474,1.5001542195205786
1128,8.0,8.0,0.0,8.0,1.0,0.3030219381449725,1.8031761576655512
1129,8.0,9.0,0.0,9.0,6.0,0.050028881296273454,1.8532050389618246
1130,8.0,10.0,0.0,10.0,1.0,0.44805026331754516,2.30125530227937
1131,8.0,11.0,0.0,11.0,3.0,0.044280759126641464,2.3455360614060115
1132,8.0,12.0,0.0,12.0,1.0,0.1625370770260088,2.50807313843202
1133,8.0,13.0,0.0,13.0,5.0,0.09312531039497013,2.6011984488269904
1134,8.0,14.0,0.0,14.0,1.0,0.040446183493649465,2.6416446323206397
1135,8.0,15.0,0.0,15.0,6.0,0.06850083908521518,2.710145471405855
1136,8.0,16.0,0.0,16.0,0.0,0.39146558523002567,3.1016110566358805
1137,8.0,17.0,0.0,17.0,0.0,0.05282797963483568,3.154439036270716
1138,8.0,18.0,0.0,18.0,2.0,0.10022250922949638,3.2546615455002126
1139,8.0,19.0,0.0,19.0,4.0,0.03291827685929914,3.2875798223595116
1140,8.0,20.0,0.0,20.0,1.0,0.19672450848584075,3.4843043308453523
1141,8.0,21.0,0.0,21.0,7.0,0.0,3.4843043308453523
1142,8.0,22.0,0.0,22.0,3.0,0.18282011369400217,3.6671244445393545
1143,8.0,23.0,0.0,23.0,1.0,0.06519398654555243,3.732318431084907
1144,8.0,24.0,0.0,24.0,6.0,0.08300819528959946,3.8153266263745067
1145,8.0,25.0,0.0,25.0,5.0,0.2865917918177951,4.101918418192302
1146,8.0,26.0,0.0,26.0,5.0,0.24026203414155511,4.3421804523338565
1147,8.0,27.0,0.0,27.0,0.0,0.22662479133789104,4.568805243671748
1148,8.0,28.0,0.0,28.0,5.0,0.019246983770855673,4.588052227442604
1149,8.0,29.0,0.0,29.0,3.0,0.010590495666302189,4.598642723108906
1150,8.0,30.0,0.0,30.0,1.0,0.3788668394961998,4.977509562605106
1151,8.0,31.0,0.0,31.0,1.0,0.21997982451277182,5.197489387117878
1152,8.0,32.0,0.0,32.0,1.0,0.5296758160393695,5.727165203157248
1153,8.0,33.0,0.0,33.0,1.0,0.26657687987422063,5.993742083031468
1154,8.0,34.0,0.0,34.0,1.0,0.1884668953497301,6.182208978381198
1155,8.0,35.0,0.0,35.0,0.0,0.2290755388949747,6.411284517276173
1156,8.0,36.0,0.0,36.0,1.0,0.36327472498723695,6.77455924226341
1157,8.0,37.0,0.0,37.0,1.0,0.0015697424716224282,6.776128984735033
1158,8.0,38.0,0.0,38.0,2.0,0.03630026345771543,6.812429248192749
1159,8.0,39.0,0.0,39.0,6.0,0.009029336941512542,6.821458585134262
1160,8.0,40.0,0.0,40.0,0.0,0.3658557221948242,7.1873143073290855
1161,8.0,41.0,0.0,41.0,0.0,0.13778065133884274,7.325094958667928
1162,8.0,42.0,0.0,42.0,1.0,0.06485401833815936,7.389948977006087
1163,8.0,43.0,0.0,43.0,0.0,0.0,7.389948977006087
1164,8.0,44.0,0.0,44.0,4.0,0.3094037324235654,7.699352709429652
1165,8.0,45.0,0.0,45.0,4.0,0.35418094870125055,8.053533658130902
1166,8.0,46.0,0.0,46.0,4.0,0.00823940782736134,8.061773065958263
1167,8.0,47.0,0.0,47.0,5.0,0.09176184695393869,8.153534912912201
1168,8.0,48.0,0.0,48.0,1.0,0.049510066966541116,8.203044979878742
1169,8.0,49.0,0.0,49.0,4.0,0.526705666220431,8.729750646099173
1170,8.0,50.0,0.0,50.0,4.0,0.28131801193416317,9.011068658033336
1171,8.0,51.0,0.0,51.0,4.0,0.35080536902478066,9.361874027058116
1172,8.0,52.0,0.0,52.0,4.0,0.7517549167988001,10.113628943856916
1173,8.0,53.0,0.0,53.0,4.0,0.181485903874824,10.29511484773174
1174,8.0,54.0,0.0,54.0,4.0,0.3532764643661336,10.648391312097875
1175,8.0,55.0,0.0,55.0,4.0,0.0,10.648391312097875
1176,8.0,56.0,0.0,56.0,4.0,0.025205933098818224,10.673597245196692
1177,8.0,57.0,0.0,57.0,4.0,0.07235271463648431,10.745949959833176
1178,8.0,58.0,0.0,58.0,4.0,0.16468234092630346,10.91063230075948
1179,8.0,59.0,0.0,59.0,3.0,0.532315851668422,11.4429481524279
1180,8.0,60.0,0.0,60.0,3.0,0.2766268467625482,11.71957499919045
1181,8.0,61.0,0.0,61.0,3.0,0.09763258121239447,11.817207580402844
1182,8.0,62.0,0.0,62.0,3.0,0.16677778994287512,11.983985370345719
1183,8.0,63.0,0.0,63.0,3.0,0.446530300124405,12.430515670470124
1184,8.0,64.0,0.0,64.0,3.0,0.32473670460191306,12.755252375072036
1185,8.0,65.0,0.0,65.0,3.0,0.04556638769161675,12.800818762763653
1186,8.0,66.0,0.0,66.0,3.0,0.6441479454569088,13.444966708220562
1187,8.0,67.0,0.0,67.0,3.0,0.2804638643336078,13.72543057255417
1188,8.0,68.0,0.0,68.0,3.0,0.03667506810318376,13.762105640657355
1189,8.0,69.0,0.0,69.0,3.0,0.22974483728870848,13.991850477946063
1190,8.0,70.0,0.0,70.0,3.0,0.24404194426127962,14.235892422207343
1191,8.0,71.0,0.0,71.0,1.0,0.5592002007494739,14.795092622956817
1192,8.0,72.0,0.0,72.0,1.0,0.06357982901634442,14.858672451973161
1193,8.0,73.0,0.0,73.0,1.0,0.36537795329674927,15.22405040526991
1194,8.0,74.0,0.0,74.0,1.0,0.015090739487448664,15.239141144757358
1195,8.0,75.0,0.0,75.0,3.0,0.6486199516859833,15.887761096443342
1196,8.0,76.0,0.0,76.0,3.0,0.05404662443856267,15.941807720881904
1197,8.0,77.0,0.0,77.0,3.0,0.05757863667234,15.999386357554243
1198,8.0,78.0,0.0,78.0,7.0,0.07808028090343258,16.077466638457675
1199,8.0,79.0,0.0,79.0,4.0,0.1879260696767826,16.265392708134456
1200,8.0,80.0,0.0,80.0,0.0,0.012540728826842802,16.2779334369613
1201,8.0,81.0,0.0,81.0,6.0,0.23955209108576261,16.51748552804706
1202,8.0,82.0,0.0,82.0,3.0,0.06535122389044981,16.58283675193751
1203,8.0,83.0,0.0,83.0,6.0,0.009778157960615659,16.592614909898124
1204,8.0,84.0,0.0,84.0,1.0,0.4774902122073268,17.070105122105453
1205,8.0,85.0,0.0,85.0,1.0,0.4867206184519215,17.556825740557375
1206,8.0,86.0,0.0,86.0,1.0,0.15910422077666525,17.71592996133404
1207,8.0,87.0,0.0,87.0,1.0,0.021645558398872215,17.737575519732914
1208,8.0,88.0,0.0,88.0,4.0,0.10728510275815102,17.844860622491066
1209,8.0,89.0,0.0,89.0,5.0,0.029229442847249376,17.874090065338315
1210,8.0,90.0,0.0,90.0,1.0,0.15356283785833116,18.027652903196646
1211,8.0,91.0,0.0,91.0,2.0,0.01308281870936253,18.04073572190601
1212,8.0,92.0,0.0,92.0,1.0,0.31566792115570425,18.356403643061714
1213,8.0,93.0,0.0,93.0,1.0,0.19428691238038912,18.550690555442102
1214,8.0,94.0,0.0,94.0,3.0,0.2132789494979489,18.76396950494005
1215,8.0,95.0,0.0,95.0,1.0,0.25696935312131375,19.020938858061363
1216,8.0,96.0,0.0,96.0,4.0,0.1253954514527735,19.14633430951414
1217,8.0,97.0,0.0,97.0,1.0,0.19442593452450535,19.340760244038645
1218,8.0,98.0,0.0,98.0,3.0,0.18817060195899063,19.528930845997635
1219,8.0,99.0,0.0,99.0,1.0,0.0572116515295082,19.586142497527142
1220,8.0,100.0,0.0,100.0,3.0,0.07869007560645719,19.664832573133598
1221,8.0,101.0,0.0,101.0,4.0,0.20529634257740534,19.870128915711003
1222,8.0,102.0,0.0,102.0,1.0,0.5506291836076398,20.420758099318643
1223,8.0,103.0,0.0,103.0,1.0,0.4073430648374814,20.828101164156124
1224,8.0,104.0,0.0,104.0,1.0,0.04604276770755116,20.874143931863674
1225,8.0,105.0,0.0,105.0,1.0,0.1700877791548844,21.044231711018558
1226,8.0,106.0,0.0,106.0,1.0,0.2069358627028797,21.25116757372144
1227,8.0,107.0,0.0,107.0,4.0,0.05292649817613419,21.304094071897573
1228,8.0,108.0,0.0,108.0,0.0,0.11103648081969601,21.41513055271727
1229,8.0,109.0,0.0,109.0,1.0,0.08626392341032157,21.50139447612759
1230,8.0,110.0,0.0,110.0,3.0,0.09074067178347844,21.59213514791107
1231,8.0,111.0,0.0,111.0,1.0,0.41246983454551084,22.00460498245658
1232,8.0,112.0,0.0,112.0,1.0,0.003296229495441463,22.00790121195202
1233,8.0,113.0,0.0,113.0,5.0,0.10049473086267112,22.108395942814692
1234,8.0,114.0,0.0,114.0,6.0,0.10360353162183074,22.211999474436524
1235,8.0,115.0,0.0,115.0,1.0,0.0,22.211999474436524
1236,8.0,116.0,0.0,116.0,7.0,0.3634209064995037,22.575420380936027
1237,8.0,117.0,0.0,117.0,7.0,0.05725766942444557,22.63267805036047
1238,8.0,118.0,0.0,118.0,7.0,0.0225286185920419,22.655206668952513
1239,8.0,119.0,0.0,119.0,3.0,0.012977233621746204,22.66818390257426
1240,8.0,120.0,0.0,120.0,4.0,0.08424130694327633,22.752425209517536
1241,8.0,121.0,0.0,121.0,0.0,0.08944541095205669,22.841870620469592
1242,8.0,122.0,0.0,122.0,1.0,0.0,22.841870620469592
1243,8.0,123.0,0.0,123.0,4.0,0.2878930335604732,23.129763654030064
1244,8.0,124.0,0.0,124.0,4.0,0.03289137115857344,23.162655025188638
1245,8.0,125.0,0.0,125.0,3.0,0.06840384707123998,23.23105887225988
1246,8.0,126.0,0.0,126.0,1.0,0.4855138524647302,23.71657272472461
1247,8.0,127.0,0.0,127.0,1.0,0.2750481777666194,23.99162090249123
1248,8.0,128.0,0.0,128.0,1.0,0.4727603760846626,24.464381278575893
1249,8.0,129.0,0.0,129.0,1.0,0.385105042081247,24.84948632065714
1250,8.0,130.0,0.0,130.0,1.0,0.7249817721204762,25.574468092777614
1251,8.0,131.0,0.0,131.0,1.0,0.49387453418716104,26.068342626964775
1252,8.0,132.0,0.0,132.0,1.0,0.17692981544432004,26.245272442409096
1253,8.0,133.0,0.0,133.0,1.0,0.535244258738865,26.78051670114796
1254,8.0,134.0,0.0,134.0,1.0,0.13383700467367501,26.914353705821636
1255,8.0,135.0,0.0,135.0,1.0,0.33628363794601485,27.25063734376765
1256,8.0,136.0,0.0,136.0,1.0,0.27236784331373076,27.52300518708138
1257,8.0,137.0,0.0,137.0,1.0,0.08777726102685712,27.61078244810824
1258,8.0,138.0,0.0,138.0,1.0,0.8889493313200567,28.499731779428295
1259,8.0,139.0,0.0,139.0,1.0,0.3711934134031458,28.87092519283144
1260,9.0,0.0,0.0,0.0,0.0,0.3812197968923009,0.3812197968923009
1261,9.0,1.0,0.0,1.0,1.0,0.19442593452450535,0.5756457314168062
1262,9.0,2.0,0.0,2.0,2.0,0.16471820895434358,0.7403639403711497
1263,9.0,3.0,0.0,3.0,3.0,0.1287180803293966,0.8690820207005463
1264,9.0,4.0,0.0,4.0,4.0,0.357274523458644,1.2263565441591904
1265,9.0,5.0,0.0,5.0,5.0,0.0348611660517569,1.2612177102109472
1266,9.0,6.0,0.0,6.0,6.0,0.041390448549910294,1.3026081587608576
1267,9.0,7.0,0.0,7.0,7.0,0.0,1.3026081587608576
1268,9.0,8.0,0.0,8.0,0.0,0.4029620941996315,1.705570252960489
1269,9.0,9.0,0.0,9.0,4.0,0.26524151839027094,1.97081177135076
1270,9.0,10.0,0.0,10.0,0.0,0.17724068859018582,2.1480524599409456
1271,9.0,11.0,0.0,11.0,1.0,0.04868113824869801,2.1967335981896436
1272,9.0,12.0,0.0,12.0,4.0,0.33053733215410963,2.5272709303437533
1273,9.0,13.0,0.0,13.0,2.0,0.13436377163416544,2.6616347019779187
1274,9.0,14.0,0.0,14.0,3.0,0.08952775450287859,2.7511624564807975
1275,9.0,15.0,0.0,15.0,0.0,0.049241847312285376,2.800404303793083
1276,9.0,16.0,0.0,16.0,4.0,0.02002535883199899,2.820429662625082
1277,9.0,17.0,0.0,17.0,6.0,0.1352922498331442,2.9557219124582264
1278,9.0,18.0,0.0,18.0,5.0,0.02023626132220827,2.975958173780435
1279,9.0,19.0,0.0,19.0,2.0,0.21858459903282268,3.1945427728132576
1280,9.0,20.0,0.0,20.0,0.0,0.03798618661318432,3.232528959426442
1281,9.0,21.0,0.0,21.0,7.0,0.27296987462201044,3.5054988340484527
1282,9.0,22.0,0.0,22.0,4.0,0.06505456337903064,3.5705533974274832
1283,9.0,23.0,0.0,23.0,7.0,0.009269376383943961,3.579822773811427
1284,9.0,24.0,0.0,24.0,1.0,0.5479465037172663,4.127769277528693
1285,9.0,25.0,0.0,25.0,1.0,0.31662679208220096,4.444396069610894
1286,9.0,26.0,0.0,26.0,1.0,0.509351906122215,4.953747975733109
1287,9.0,27.0,0.0,27.0,1.0,0.5455017981425876,5.499249773875697
1288,9.0,28.0,0.0,28.0,1.0,0.4139928128672857,5.9132425867429825
1289,9.0,29.0,0.0,29.0,1.0,0.0,5.9132425867429825
1290,9.0,30.0,0.0,30.0,1.0,0.6901308317043309,6.603373418447314
1291,9.0,31.0,0.0,31.0,1.0,0.3378155457731522,6.941188964220466
1292,9.0,32.0,0.0,32.0,1.0,0.38192924123875693,7.323118205459222
1293,9.0,33.0,0.0,33.0,1.0,0.3732587142086273,7.696376919667849
1294,9.0,34.0,0.0,34.0,1.0,0.38922501144165556,8.085601931109505
1295,9.0,35.0,0.0,35.0,1.0,0.8593589041385262,8.94496083524803
1296,9.0,36.0,0.0,36.0,1.0,0.09155535822654447,9.036516193474576
1297,9.0,37.0,0.0,37.0,1.0,0.32987996381326895,9.366396157287845
1298,9.0,38.0,0.0,38.0,1.0,0.07685529822312404,9.44325145551097
1299,9.0,39.0,0.0,39.0,1.0,0.028497860210415307,9.471749315721384
1300,9.0,40.0,0.0,40.0,3.0,0.49668011092280895,9.968429426644192
1301,9.0,41.0,0.0,41.0,3.0,0.005434940894080358,9.973864367538273
1302,9.0,42.0,0.0,42.0,2.0,0.005877612598383836,9.979741980136657
1303,9.0,43.0,0.0,43.0,1.0,0.5426589370506067,10.522400917187264
1304,9.0,44.0,0.0,44.0,1.0,0.04145692274801318,10.563857839935277
1305,9.0,45.0,0.0,45.0,1.0,0.5768881366691367,11.140745976604414
1306,9.0,46.0,0.0,46.0,1.0,0.06762755551484467,11.208373532119259
1307,9.0,47.0,0.0,47.0,6.0,0.050028881296273454,11.258402413415531
1308,9.0,48.0,0.0,48.0,1.0,0.022534677075911308,11.280937090491443
1309,9.0,49.0,0.0,49.0,0.0,0.39146558523002567,11.67240267572147
1310,9.0,50.0,0.0,50.0,0.0,0.6265042625449417,12.298906938266411
1311,9.0,51.0,0.0,51.0,0.0,0.06208619473517363,12.360993133001585
1312,9.0,52.0,0.0,52.0,0.0,0.23272771997209962,12.593720852973686
1313,9.0,53.0,0.0,53.0,4.0,0.03434104364687389,12.62806189662056
1314,9.0,54.0,0.0,54.0,3.0,0.6455161917978991,13.273578088418459
1315,9.0,55.0,0.0,55.0,3.0,0.03723342150249777,13.310811509920956
1316,9.0,56.0,0.0,56.0,3.0,0.0,13.310811509920956
1317,9.0,57.0,0.0,57.0,0.0,0.06553064248443495,13.37634215240539
1318,9.0,58.0,0.0,58.0,1.0,0.1755692537063842,13.551911406111774
1319,9.0,59.0,0.0,59.0,1.0,0.9990875269147265,14.5509989330265
1320,9.0,60.0,0.0,60.0,1.0,0.24698451568998586,14.797983448716487
1321,9.0,61.0,0.0,61.0,1.0,0.3788668394961998,15.176850288212686
1322,9.0,62.0,0.0,62.0,1.0,0.0567682510724773,15.233618539285162
1323,9.0,63.0,0.0,63.0,1.0,0.1884668953497301,15.422085434634893
1324,9.0,64.0,0.0,64.0,1.0,0.37538497182746766,15.79747040646236
1325,9.0,65.0,0.0,65.0,1.0,0.5343480264248001,16.33181843288716
1326,9.0,66.0,0.0,66.0,1.0,0.32340688790654076,16.6552253207937
1327,9.0,67.0,0.0,67.0,1.0,0.4151491042038418,17.070374424997542
1328,9.0,68.0,0.0,68.0,1.0,0.0,17.070374424997542
1329,9.0,69.0,0.0,69.0,1.0,0.8629270738881205,17.933301498885662
1330,9.0,70.0,0.0,70.0,1.0,0.3770289091747375,18.3103304080604
1331,9.0,71.0,0.0,71.0,1.0,0.13265080556322817,18.442981213623625
1332,9.0,72.0,0.0,72.0,1.0,0.028488794101703175,18.47147000772533
1333,9.0,73.0,0.0,73.0,1.0,0.48961674867172256,18.96108675639705
1334,9.0,74.0,0.0,74.0,1.0,0.10013208836255716,19.06121884475961
1335,9.0,75.0,0.0,75.0,1.0,0.3191248122623761,19.380343657021985
1336,9.0,76.0,0.0,76.0,1.0,0.2364741844409168,19.6168178414629
1337,9.0,77.0,0.0,77.0,1.0,0.17979123690900572,19.796609078371905
1338,9.0,78.0,0.0,78.0,0.0,0.044214268199217234,19.84082334657112
1339,9.0,79.0,0.0,79.0,1.0,0.18006936068033735,20.02089270725146
1340,9.0,80.0,0.0,80.0,1.0,0.3827294126300525,20.40362211988151
1341,9.0,81.0,0.0,81.0,1.0,0.0891305521929672,20.492752672074477
1342,9.0,82.0,0.0,82.0,3.0,0.4235800495995752,20.916332721674053
1343,9.0,83.0,0.0,83.0,3.0,0.02796809792261155,20.944300819596663
1344,9.0,84.0,0.0,84.0,1.0,0.08904789284656676,21.033348712443228
1345,9.0,85.0,0.0,85.0,4.0,0.06507794573347424,21.098426658176702
1346,9.0,86.0,0.0,86.0,7.0,0.025387870134202448,21.123814528310906
1347,9.0,87.0,0.0,87.0,1.0,0.161213476946459,21.285028005257363
1348,9.0,88.0,0.0,88.0,5.0,0.18565987927822217,21.470687884535586
1349,9.0,89.0,0.0,89.0,2.0,0.15507578607495828,21.625763670610546
1350,9.0,90.0,0.0,90.0,1.0,0.2287243267800294,21.854487997390574
1351,9.0,91.0,0.0,91.0,1.0,0.40305039094364914,22.257538388334222
1352,9.0,92.0,0.0,92.0,1.0,0.9823277450132346,23.239866133347455
1353,9.0,93.0,0.0,93.0,1.0,0.6776699070343273,23.917536040381783
1354,9.0,94.0,0.0,94.0,1.0,0.7188616705042143,24.636397710885998
1355,9.0,95.0,0.0,95.0,1.0,0.027235014607399008,24.663632725493397
1356,9.0,96.0,0.0,96.0,1.0,0.4142568715774543,25.07788959707085
1357,9.0,97.0,0.0,97.0,1.0,0.662028463428906,25.739918060499758
1358,9.0,98.0,0.0,98.0,1.0,0.2619166025932892,26.001834663093046
1359,9.0,99.0,0.0,99.0,1.0,0.0,26.001834663093046
1360,9.0,100.0,0.0,100.0,1.0,0.044964100235218254,26.046798763328265
1361,9.0,101.0,0.0,101.0,1.0,0.18699747421235124,26.233796237540616
1362,9.0,102.0,0.0,102.0,1.0,0.3167132014693527,26.550509439009968
1363,9.0,103.0,0.0,103.0,1.0,0.07519224864544656,26.625701687655415
1364,9.0,104.0,0.0,104.0,1.0,0.48638586482395135,27.112087552479366
1365,9.0,105.0,0.0,105.0,1.0,0.167157065668076,27.27924461814744
1366,9.0,106.0,0.0,106.0,1.0,0.21053023822235897,27.4897748563698
1367,9.0,107.0,0.0,107.0,1.0,0.49387453418716104,27.98364939055696
1368,9.0,108.0,0.0,108.0,1.0,0.002305663962819553,27.985955054519778
1369,9.0,109.0,0.0,109.0,1.0,0.0,27.985955054519778
1370,9.0,110.0,0.0,110.0,0.0,0.0658079229375828,28.05176297745736
1371,9.0,111.0,0.0,111.0,3.0,0.2725461369992084,28.324309114456568
1372,9.0,112.0,0.0,112.0,3.0,0.6214579263169796,28.945767040773546
1373,9.0,113.0,0.0,113.0,3.0,0.10919173377025532,29.054958774543802
1374,9.0,114.0,0.0,114.0,3.0,0.040342316625071976,29.095301091168874
1375,9.0,115.0,0.0,115.0,1.0,0.3478807515844747,29.44318184275335
1376,9.0,116.0,0.0,116.0,1.0,0.731573332022515,30.174755174775864
1377,9.0,117.0,0.0,117.0,1.0,0.8889493313200567,31.06370450609592
1378,9.0,118.0,0.0,118.0,1.0,0.5719452451807971,31.635649751276716
1379,9.0,119.0,0.0,119.0,1.0,0.040884656058680725,31.676534407335396
1380,9.0,120.0,0.0,120.0,1.0,0.09443533725062055,31.770969744586015
1381,9.0,121.0,0.0,121.0,1.0,0.2972179859765556,32.06818773056257
1382,9.0,122.0,0.0,122.0,1.0,0.23672052122800236,32.30490825179057
1383,9.0,123.0,0.0,123.0,1.0,0.03687077680053058,32.341779028591105
1384,9.0,124.0,0.0,124.0,1.0,0.041716650552312905,32.383495679143415
1385,9.0,125.0,0.0,125.0,5.0,0.4500302610500301,32.83352594019345
1386,9.0,126.0,0.0,126.0,5.0,0.10934524125696578,32.942871181450414
1387,9.0,127.0,0.0,127.0,5.0,0.003526101245671094,32.94639728269608
1388,9.0,128.0,0.0,128.0,1.0,0.5689341631823731,33.51533144587846
1389,9.0,129.0,0.0,129.0,1.0,0.07303008851684938,33.58836153439531
1390,9.0,130.0,0.0,130.0,1.0,0.30100852149034923,33.889370055885664
1391,9.0,131.0,0.0,131.0,1.0,0.46477748677000064,34.35414754265567
1392,9.0,132.0,0.0,132.0,1.0,0.5204299233668119,34.87457746602248
1393,9.0,133.0,0.0,133.0,1.0,0.6082831113491785,35.48286057737166
1394,9.0,134.0,0.0,134.0,1.0,0.049510066966541116,35.5323706443382
1395,9.0,135.0,0.0,135.0,1.0,0.4910520697301742,36.023422714068374
1396,9.0,136.0,0.0,136.0,1.0,0.3423729374319084,36.365795651500285
1397,9.0,137.0,0.0,137.0,1.0,0.20102065131621946,36.566816302816505
1398,9.0,138.0,0.0,138.0,1.0,0.6742161866635077,37.24103248948001
1399,9.0,139.0,0.0,139.0,1.0,0.463477190243051,37.70450967972307
